region,base,year,quarter,cpi
АКМОЛИНСКАЯ ОБЛАСТЬ,к предыдущему кварталу,2020,1,102.0
АКМОЛИНСКАЯ ОБЛАСТЬ,к предыдущему кварталу,2020,2,102.1
АКМОЛИНСКАЯ ОБЛАСТЬ,к предыдущему кварталу,2020,3,101.1
АКМОЛИНСКАЯ ОБЛАСТЬ,к предыдущему кварталу,2020,4,101.9
АКМОЛИНСКАЯ ОБЛАСТЬ,к предыдущему кварталу,2021,1,102.2
АКМОЛИНСКАЯ ОБЛАСТЬ,к предыдущему кварталу,2021,2,102.4
АКМОЛИНСКАЯ ОБЛАСТЬ,к предыдущему кварталу,2021,3,102.0
АКМОЛИНСКАЯ ОБЛАСТЬ,к предыдущему кварталу,2021,4,102.1
АКМОЛИНСКАЯ ОБЛАСТЬ,к предыдущему кварталу,2022,1,103.5
АКМОЛИНСКАЯ ОБЛАСТЬ,к предыдущему кварталу,2022,2,106.1
АКМОЛИНСКАЯ ОБЛАСТЬ,к предыдущему кварталу,2022,3,105.0
АКМОЛИНСКАЯ ОБЛАСТЬ,к предыдущему кварталу,2022,4,104.7
АКМОЛИНСКАЯ ОБЛАСТЬ,к предыдущему кварталу,2023,1,103.8
АКМОЛИНСКАЯ ОБЛАСТЬ,к предыдущему кварталу,2023,2,102.5
АКМОЛИНСКАЯ ОБЛАСТЬ,к предыдущему кварталу,2023,3,102.3
АКМОЛИНСКАЯ ОБЛАСТЬ,к предыдущему кварталу,2023,4,102.4
АКМОЛИНСКАЯ ОБЛАСТЬ,к предыдущему кварталу,2024,1,101.9
АКМОЛИНСКАЯ ОБЛАСТЬ,к предыдущему кварталу,2024,2,102.1
АКМОЛИНСКАЯ ОБЛАСТЬ,к предыдущему кварталу,2024,3,101.9
АКМОЛИНСКАЯ ОБЛАСТЬ,к предыдущему кварталу,2024,4,102.6
АКМОЛИНСКАЯ ОБЛАСТЬ,к тому же кварталу прошлого года,2020,1,105.8
АКМОЛИНСКАЯ ОБЛАСТЬ,к тому же кварталу прошлого года,2020,2,106.5
АКМОЛИНСКАЯ ОБЛАСТЬ,к тому же кварталу прошлого года,2020,3,106.9
АКМОЛИНСКАЯ ОБЛАСТЬ,к тому же кварталу прошлого года,2020,4,107.2
АКМОЛИНСКАЯ ОБЛАСТЬ,к тому же кварталу прошлого года,2021,1,107.4
АКМОЛИНСКАЯ ОБЛАСТЬ,к тому же кварталу прошлого года,2021,2,107.7
АКМОЛИНСКАЯ ОБЛАСТЬ,к тому же кварталу прошлого года,2021,3,108.7
АКМОЛИНСКАЯ ОБЛАСТЬ,к тому же кварталу прошлого года,2021,4,109.0
АКМОЛИНСКАЯ ОБЛАСТЬ,к тому же кварталу прошлого года,2022,1,110.4
АКМОЛИНСКАЯ ОБЛАСТЬ,к тому же кварталу прошлого года,2022,2,114.3
АКМОЛИНСКАЯ ОБЛАСТЬ,к тому же кварталу прошлого года,2022,3,117.6
АКМОЛИНСКАЯ ОБЛАСТЬ,к тому же кварталу прошлого года,2022,4,120.6
АКМОЛИНСКАЯ ОБЛАСТЬ,к тому же кварталу прошлого года,2023,1,121.0
АКМОЛИНСКАЯ ОБЛАСТЬ,к тому же кварталу прошлого года,2023,2,117.0
АКМОЛИНСКАЯ ОБЛАСТЬ,к тому же кварталу прошлого года,2023,3,114.0
АКМОЛИНСКАЯ ОБЛАСТЬ,к тому же кварталу прошлого года,2023,4,111.5
АКМОЛИНСКАЯ ОБЛАСТЬ,к тому же кварталу прошлого года,2024,1,109.4
АКМОЛИНСКАЯ ОБЛАСТЬ,к тому же кварталу прошлого года,2024,2,109.0
АКМОЛИНСКАЯ ОБЛАСТЬ,к тому же кварталу прошлого года,2024,3,108.6
АКМОЛИНСКАЯ ОБЛАСТЬ,к тому же кварталу прошлого года,2024,4,108.8
АКТЮБИНСКАЯ ОБЛАСТЬ,к предыдущему кварталу,2020,1,102.1
АКТЮБИНСКАЯ ОБЛАСТЬ,к предыдущему кварталу,2020,2,101.2
АКТЮБИНСКАЯ ОБЛАСТЬ,к предыдущему кварталу,2020,3,101.5
АКТЮБИНСКАЯ ОБЛАСТЬ,к предыдущему кварталу,2020,4,102.2
АКТЮБИНСКАЯ ОБЛАСТЬ,к предыдущему кварталу,2021,1,102.2
АКТЮБИНСКАЯ ОБЛАСТЬ,к предыдущему кварталу,2021,2,102.2
АКТЮБИНСКАЯ ОБЛАСТЬ,к предыдущему кварталу,2021,3,102.3
АКТЮБИНСКАЯ ОБЛАСТЬ,к предыдущему кварталу,2021,4,102.0
АКТЮБИНСКАЯ ОБЛАСТЬ,к предыдущему кварталу,2022,1,103.6
АКТЮБИНСКАЯ ОБЛАСТЬ,к предыдущему кварталу,2022,2,105.6
АКТЮБИНСКАЯ ОБЛАСТЬ,к предыдущему кварталу,2022,3,104.3
АКТЮБИНСКАЯ ОБЛАСТЬ,к предыдущему кварталу,2022,4,104.5
АКТЮБИНСКАЯ ОБЛАСТЬ,к предыдущему кварталу,2023,1,104.3
АКТЮБИНСКАЯ ОБЛАСТЬ,к предыдущему кварталу,2023,2,101.9
АКТЮБИНСКАЯ ОБЛАСТЬ,к предыдущему кварталу,2023,3,101.2
АКТЮБИНСКАЯ ОБЛАСТЬ,к предыдущему кварталу,2023,4,102.3
АКТЮБИНСКАЯ ОБЛАСТЬ,к предыдущему кварталу,2024,1,102.9
АКТЮБИНСКАЯ ОБЛАСТЬ,к предыдущему кварталу,2024,2,101.6
АКТЮБИНСКАЯ ОБЛАСТЬ,к предыдущему кварталу,2024,3,101.5
АКТЮБИНСКАЯ ОБЛАСТЬ,к предыдущему кварталу,2024,4,102.3
АКТЮБИНСКАЯ ОБЛАСТЬ,к тому же кварталу прошлого года,2020,1,105.8
АКТЮБИНСКАЯ ОБЛАСТЬ,к тому же кварталу прошлого года,2020,2,105.8
АКТЮБИНСКАЯ ОБЛАСТЬ,к тому же кварталу прошлого года,2020,3,106.8
АКТЮБИНСКАЯ ОБЛАСТЬ,к тому же кварталу прошлого года,2020,4,107.1
АКТЮБИНСКАЯ ОБЛАСТЬ,к тому же кварталу прошлого года,2021,1,107.2
АКТЮБИНСКАЯ ОБЛАСТЬ,к тому же кварталу прошлого года,2021,2,108.2
АКТЮБИНСКАЯ ОБЛАСТЬ,к тому же кварталу прошлого года,2021,3,109.1
АКТЮБИНСКАЯ ОБЛАСТЬ,к тому же кварталу прошлого года,2021,4,108.9
АКТЮБИНСКАЯ ОБЛАСТЬ,к тому же кварталу прошлого года,2022,1,110.4
АКТЮБИНСКАЯ ОБЛАСТЬ,к тому же кварталу прошлого года,2022,2,114.0
АКТЮБИНСКАЯ ОБЛАСТЬ,к тому же кварталу прошлого года,2022,3,116.2
АКТЮБИНСКАЯ ОБЛАСТЬ,к тому же кварталу прошлого года,2022,4,119.1
АКТЮБИНСКАЯ ОБЛАСТЬ,к тому же кварталу прошлого года,2023,1,119.9
АКТЮБИНСКАЯ ОБЛАСТЬ,к тому же кварталу прошлого года,2023,2,115.8
АКТЮБИНСКАЯ ОБЛАСТЬ,к тому же кварталу прошлого года,2023,3,112.4
АКТЮБИНСКАЯ ОБЛАСТЬ,к тому же кварталу прошлого года,2023,4,110.1
АКТЮБИНСКАЯ ОБЛАСТЬ,к тому же кварталу прошлого года,2024,1,108.6
АКТЮБИНСКАЯ ОБЛАСТЬ,к тому же кварталу прошлого года,2024,2,108.3
АКТЮБИНСКАЯ ОБЛАСТЬ,к тому же кварталу прошлого года,2024,3,108.6
АКТЮБИНСКАЯ ОБЛАСТЬ,к тому же кварталу прошлого года,2024,4,108.6
АЛМАТИНСКАЯ ОБЛАСТЬ,к предыдущему кварталу,2020,1,102.1
АЛМАТИНСКАЯ ОБЛАСТЬ,к предыдущему кварталу,2020,2,102.1
АЛМАТИНСКАЯ ОБЛАСТЬ,к предыдущему кварталу,2020,3,101.0
АЛМАТИНСКАЯ ОБЛАСТЬ,к предыдущему кварталу,2020,4,101.7
АЛМАТИНСКАЯ ОБЛАСТЬ,к предыдущему кварталу,2021,1,102.1
АЛМАТИНСКАЯ ОБЛАСТЬ,к предыдущему кварталу,2021,2,102.3
АЛМАТИНСКАЯ ОБЛАСТЬ,к предыдущему кварталу,2021,3,102.2
АЛМАТИНСКАЯ ОБЛАСТЬ,к предыдущему кварталу,2021,4,101.6
АЛМАТИНСКАЯ ОБЛАСТЬ,к предыдущему кварталу,2022,1,103.1
АЛМАТИНСКАЯ ОБЛАСТЬ,к предыдущему кварталу,2022,2,105.9
АЛМАТИНСКАЯ ОБЛАСТЬ,к предыдущему кварталу,2022,3,103.2
АЛМАТИНСКАЯ ОБЛАСТЬ,к предыдущему кварталу,2022,4,104.2
АЛМАТИНСКАЯ ОБЛАСТЬ,к предыдущему кварталу,2023,1,103.5
АЛМАТИНСКАЯ ОБЛАСТЬ,к предыдущему кварталу,2023,2,102.9
АЛМАТИНСКАЯ ОБЛАСТЬ,к предыдущему кварталу,2023,3,100.8
АЛМАТИНСКАЯ ОБЛАСТЬ,к предыдущему кварталу,2023,4,101.3
АЛМАТИНСКАЯ ОБЛАСТЬ,к предыдущему кварталу,2024,1,102.3
АЛМАТИНСКАЯ ОБЛАСТЬ,к предыдущему кварталу,2024,2,101.4
АЛМАТИНСКАЯ ОБЛАСТЬ,к предыдущему кварталу,2024,3,100.5
АЛМАТИНСКАЯ ОБЛАСТЬ,к предыдущему кварталу,2024,4,102.1
АЛМАТИНСКАЯ ОБЛАСТЬ,к тому же кварталу прошлого года,2020,1,106.1
АЛМАТИНСКАЯ ОБЛАСТЬ,к тому же кварталу прошлого года,2020,2,106.7
АЛМАТИНСКАЯ ОБЛАСТЬ,к тому же кварталу прошлого года,2020,3,107.1
АЛМАТИНСКАЯ ОБЛАСТЬ,к тому же кварталу прошлого года,2020,4,107.1
АЛМАТИНСКАЯ ОБЛАСТЬ,к тому же кварталу прошлого года,2021,1,107.1
АЛМАТИНСКАЯ ОБЛАСТЬ,к тому же кварталу прошлого года,2021,2,107.3
АЛМАТИНСКАЯ ОБЛАСТЬ,к тому же кварталу прошлого года,2021,3,108.5
АЛМАТИНСКАЯ ОБЛАСТЬ,к тому же кварталу прошлого года,2021,4,108.4
АЛМАТИНСКАЯ ОБЛАСТЬ,к тому же кварталу прошлого года,2022,1,109.4
АЛМАТИНСКАЯ ОБЛАСТЬ,к тому же кварталу прошлого года,2022,2,113.3
АЛМАТИНСКАЯ ОБЛАСТЬ,к тому же кварталу прошлого года,2022,3,114.5
АЛМАТИНСКАЯ ОБЛАСТЬ,к тому же кварталу прошлого года,2022,4,117.5
АЛМАТИНСКАЯ ОБЛАСТЬ,к тому же кварталу прошлого года,2023,1,118.0
АЛМАТИНСКАЯ ОБЛАСТЬ,к тому же кварталу прошлого года,2023,2,114.6
АЛМАТИНСКАЯ ОБЛАСТЬ,к тому же кварталу прошлого года,2023,3,111.8
АЛМАТИНСКАЯ ОБЛАСТЬ,к тому же кварталу прошлого года,2023,4,108.6
АЛМАТИНСКАЯ ОБЛАСТЬ,к тому же кварталу прошлого года,2024,1,107.4
АЛМАТИНСКАЯ ОБЛАСТЬ,к тому же кварталу прошлого года,2024,2,105.8
АЛМАТИНСКАЯ ОБЛАСТЬ,к тому же кварталу прошлого года,2024,3,105.5
АЛМАТИНСКАЯ ОБЛАСТЬ,к тому же кварталу прошлого года,2024,4,106.3
АТЫРАУСКАЯ ОБЛАСТЬ,к предыдущему кварталу,2020,1,102.3
АТЫРАУСКАЯ ОБЛАСТЬ,к предыдущему кварталу,2020,2,101.9
АТЫРАУСКАЯ ОБЛАСТЬ,к предыдущему кварталу,2020,3,101.2
АТЫРАУСКАЯ ОБЛАСТЬ,к предыдущему кварталу,2020,4,101.9
АТЫРАУСКАЯ ОБЛАСТЬ,к предыдущему кварталу,2021,1,102.2
АТЫРАУСКАЯ ОБЛАСТЬ,к предыдущему кварталу,2021,2,102.6
АТЫРАУСКАЯ ОБЛАСТЬ,к предыдущему кварталу,2021,3,102.2
АТЫРАУСКАЯ ОБЛАСТЬ,к предыдущему кварталу,2021,4,101.5
АТЫРАУСКАЯ ОБЛАСТЬ,к предыдущему кварталу,2022,1,102.7
АТЫРАУСКАЯ ОБЛАСТЬ,к предыдущему кварталу,2022,2,106.1
АТЫРАУСКАЯ ОБЛАСТЬ,к предыдущему кварталу,2022,3,105.3
АТЫРАУСКАЯ ОБЛАСТЬ,к предыдущему кварталу,2022,4,103.5
АТЫРАУСКАЯ ОБЛАСТЬ,к предыдущему кварталу,2023,1,103.3
АТЫРАУСКАЯ ОБЛАСТЬ,к предыдущему кварталу,2023,2,102.6
АТЫРАУСКАЯ ОБЛАСТЬ,к предыдущему кварталу,2023,3,101.4
АТЫРАУСКАЯ ОБЛАСТЬ,к предыдущему кварталу,2023,4,102.3
АТЫРАУСКАЯ ОБЛАСТЬ,к предыдущему кварталу,2024,1,103.1
АТЫРАУСКАЯ ОБЛАСТЬ,к предыдущему кварталу,2024,2,101.6
АТЫРАУСКАЯ ОБЛАСТЬ,к предыдущему кварталу,2024,3,101.7
АТЫРАУСКАЯ ОБЛАСТЬ,к предыдущему кварталу,2024,4,101.9
АТЫРАУСКАЯ ОБЛАСТЬ,к тому же кварталу прошлого года,2020,1,106.0
АТЫРАУСКАЯ ОБЛАСТЬ,к тому же кварталу прошлого года,2020,2,106.6
АТЫРАУСКАЯ ОБЛАСТЬ,к тому же кварталу прошлого года,2020,3,107.1
АТЫРАУСКАЯ ОБЛАСТЬ,к тому же кварталу прошлого года,2020,4,107.4
АТЫРАУСКАЯ ОБЛАСТЬ,к тому же кварталу прошлого года,2021,1,107.3
АТЫРАУСКАЯ ОБЛАСТЬ,к тому же кварталу прошлого года,2021,2,108.0
АТЫРАУСКАЯ ОБЛАСТЬ,к тому же кварталу прошлого года,2021,3,109.1
АТЫРАУСКАЯ ОБЛАСТЬ,к тому же кварталу прошлого года,2021,4,108.7
АТЫРАУСКАЯ ОБЛАСТЬ,к тому же кварталу прошлого года,2022,1,109.3
АТЫРАУСКАЯ ОБЛАСТЬ,к тому же кварталу прошлого года,2022,2,113.1
АТЫРАУСКАЯ ОБЛАСТЬ,к тому же кварталу прошлого года,2022,3,116.5
АТЫРАУСКАЯ ОБЛАСТЬ,к тому же кварталу прошлого года,2022,4,118.8
АТЫРАУСКАЯ ОБЛАСТЬ,к тому же кварталу прошлого года,2023,1,119.5
АТЫРАУСКАЯ ОБЛАСТЬ,к тому же кварталу прошлого года,2023,2,115.5
АТЫРАУСКАЯ ОБЛАСТЬ,к тому же кварталу прошлого года,2023,3,111.2
АТЫРАУСКАЯ ОБЛАСТЬ,к тому же кварталу прошлого года,2023,4,110.0
АТЫРАУСКАЯ ОБЛАСТЬ,к тому же кварталу прошлого года,2024,1,109.7
АТЫРАУСКАЯ ОБЛАСТЬ,к тому же кварталу прошлого года,2024,2,108.7
АТЫРАУСКАЯ ОБЛАСТЬ,к тому же кварталу прошлого года,2024,3,109.0
АТЫРАУСКАЯ ОБЛАСТЬ,к тому же кварталу прошлого года,2024,4,108.5
ВОСТОЧНО-КАЗАХСТАНСКАЯ ОБЛАСТЬ,к предыдущему кварталу,2020,1,101.9
ВОСТОЧНО-КАЗАХСТАНСКАЯ ОБЛАСТЬ,к предыдущему кварталу,2020,2,102.3
ВОСТОЧНО-КАЗАХСТАНСКАЯ ОБЛАСТЬ,к предыдущему кварталу,2020,3,101.1
ВОСТОЧНО-КАЗАХСТАНСКАЯ ОБЛАСТЬ,к предыдущему кварталу,2020,4,101.8
ВОСТОЧНО-КАЗАХСТАНСКАЯ ОБЛАСТЬ,к предыдущему кварталу,2021,1,102.1
ВОСТОЧНО-КАЗАХСТАНСКАЯ ОБЛАСТЬ,к предыдущему кварталу,2021,2,102.6
ВОСТОЧНО-КАЗАХСТАНСКАЯ ОБЛАСТЬ,к предыдущему кварталу,2021,3,102.0
ВОСТОЧНО-КАЗАХСТАНСКАЯ ОБЛАСТЬ,к предыдущему кварталу,2021,4,102.1
ВОСТОЧНО-КАЗАХСТАНСКАЯ ОБЛАСТЬ,к предыдущему кварталу,2022,2,106.5
ВОСТОЧНО-КАЗАХСТАНСКАЯ ОБЛАСТЬ,к предыдущему кварталу,2022,3,104.6
ВОСТОЧНО-КАЗАХСТАНСКАЯ ОБЛАСТЬ,к предыдущему кварталу,2022,4,104.2
ВОСТОЧНО-КАЗАХСТАНСКАЯ ОБЛАСТЬ,к предыдущему кварталу,2023,1,103.4
ВОСТОЧНО-КАЗАХСТАНСКАЯ ОБЛАСТЬ,к предыдущему кварталу,2023,2,102.8
ВОСТОЧНО-КАЗАХСТАНСКАЯ ОБЛАСТЬ,к предыдущему кварталу,2023,3,101.8
ВОСТОЧНО-КАЗАХСТАНСКАЯ ОБЛАСТЬ,к предыдущему кварталу,2023,4,102.2
ВОСТОЧНО-КАЗАХСТАНСКАЯ ОБЛАСТЬ,к предыдущему кварталу,2024,1,103.0
ВОСТОЧНО-КАЗАХСТАНСКАЯ ОБЛАСТЬ,к предыдущему кварталу,2024,2,102.1
ВОСТОЧНО-КАЗАХСТАНСКАЯ ОБЛАСТЬ,к предыдущему кварталу,2024,3,101.7
ВОСТОЧНО-КАЗАХСТАНСКАЯ ОБЛАСТЬ,к предыдущему кварталу,2024,4,102.0
ВОСТОЧНО-КАЗАХСТАНСКАЯ ОБЛАСТЬ,к тому же кварталу прошлого года,2020,1,105.8
ВОСТОЧНО-КАЗАХСТАНСКАЯ ОБЛАСТЬ,к тому же кварталу прошлого года,2020,2,106.7
ВОСТОЧНО-КАЗАХСТАНСКАЯ ОБЛАСТЬ,к тому же кварталу прошлого года,2020,3,107.1
ВОСТОЧНО-КАЗАХСТАНСКАЯ ОБЛАСТЬ,к тому же кварталу прошлого года,2020,4,107.2
ВОСТОЧНО-КАЗАХСТАНСКАЯ ОБЛАСТЬ,к тому же кварталу прошлого года,2021,1,107.4
ВОСТОЧНО-КАЗАХСТАНСКАЯ ОБЛАСТЬ,к тому же кварталу прошлого года,2021,2,107.7
ВОСТОЧНО-КАЗАХСТАНСКАЯ ОБЛАСТЬ,к тому же кварталу прошлого года,2021,3,108.6
ВОСТОЧНО-КАЗАХСТАНСКАЯ ОБЛАСТЬ,к тому же кварталу прошлого года,2021,4,109.0
ВОСТОЧНО-КАЗАХСТАНСКАЯ ОБЛАСТЬ,к тому же кварталу прошлого года,2022,2,114.2
ВОСТОЧНО-КАЗАХСТАНСКАЯ ОБЛАСТЬ,к тому же кварталу прошлого года,2022,3,117.1
ВОСТОЧНО-КАЗАХСТАНСКАЯ ОБЛАСТЬ,к тому же кварталу прошлого года,2022,4,119.6
ВОСТОЧНО-КАЗАХСТАНСКАЯ ОБЛАСТЬ,к тому же кварталу прошлого года,2023,1,120.1
ВОСТОЧНО-КАЗАХСТАНСКАЯ ОБЛАСТЬ,к тому же кварталу прошлого года,2023,2,116.0
ВОСТОЧНО-КАЗАХСТАНСКАЯ ОБЛАСТЬ,к тому же кварталу прошлого года,2023,3,112.8
ВОСТОЧНО-КАЗАХСТАНСКАЯ ОБЛАСТЬ,к тому же кварталу прошлого года,2023,4,110.5
ВОСТОЧНО-КАЗАХСТАНСКАЯ ОБЛАСТЬ,к тому же кварталу прошлого года,2024,1,110.0
ВОСТОЧНО-КАЗАХСТАНСКАЯ ОБЛАСТЬ,к тому же кварталу прошлого года,2024,2,109.2
ВОСТОЧНО-КАЗАХСТАНСКАЯ ОБЛАСТЬ,к тому же кварталу прошлого года,2024,3,109.1
ВОСТОЧНО-КАЗАХСТАНСКАЯ ОБЛАСТЬ,к тому же кварталу прошлого года,2024,4,108.9
Г.АЛМАТЫ,к предыдущему кварталу,2020,1,102.1
Г.АЛМАТЫ,к предыдущему кварталу,2020,2,102.4
Г.АЛМАТЫ,к предыдущему кварталу,2020,3,100.7
Г.АЛМАТЫ,к предыдущему кварталу,2020,4,101.6
Г.АЛМАТЫ,к предыдущему кварталу,2021,1,102.1
Г.АЛМАТЫ,к предыдущему кварталу,2021,2,102.3
Г.АЛМАТЫ,к предыдущему кварталу,2021,3,102.0
Г.АЛМАТЫ,к предыдущему кварталу,2021,4,101.9
Г.АЛМАТЫ,к предыдущему кварталу,2022,1,103.3
Г.АЛМАТЫ,к предыдущему кварталу,2022,2,106.0
Г.АЛМАТЫ,к предыдущему кварталу,2022,3,104.0
Г.АЛМАТЫ,к предыдущему кварталу,2022,4,104.9
Г.АЛМАТЫ,к предыдущему кварталу,2023,1,103.2
Г.АЛМАТЫ,к предыдущему кварталу,2023,2,102.5
Г.АЛМАТЫ,к предыдущему кварталу,2023,3,102.3
Г.АЛМАТЫ,к предыдущему кварталу,2023,4,102.3
Г.АЛМАТЫ,к предыдущему кварталу,2024,1,102.4
Г.АЛМАТЫ,к предыдущему кварталу,2024,2,101.6
Г.АЛМАТЫ,к предыдущему кварталу,2024,3,102.0
Г.АЛМАТЫ,к предыдущему кварталу,2024,4,103.0
Г.АЛМАТЫ,к тому же кварталу прошлого года,2020,1,105.7
Г.АЛМАТЫ,к тому же кварталу прошлого года,2020,2,107.1
Г.АЛМАТЫ,к тому же кварталу прошлого года,2020,3,106.9
Г.АЛМАТЫ,к тому же кварталу прошлого года,2020,4,107.0
Г.АЛМАТЫ,к тому же кварталу прошлого года,2021,1,107.0
Г.АЛМАТЫ,к тому же кварталу прошлого года,2021,2,106.8
Г.АЛМАТЫ,к тому же кварталу прошлого года,2021,3,108.2
Г.АЛМАТЫ,к тому же кварталу прошлого года,2021,4,108.5
Г.АЛМАТЫ,к тому же кварталу прошлого года,2022,1,109.8
Г.АЛМАТЫ,к тому же кварталу прошлого года,2022,2,113.8
Г.АЛМАТЫ,к тому же кварталу прошлого года,2022,3,116.0
Г.АЛМАТЫ,к тому же кварталу прошлого года,2022,4,119.5
Г.АЛМАТЫ,к тому же кварталу прошлого года,2023,1,119.3
Г.АЛМАТЫ,к тому же кварталу прошлого года,2023,2,115.4
Г.АЛМАТЫ,к тому же кварталу прошлого года,2023,3,113.4
Г.АЛМАТЫ,к тому же кварталу прошлого года,2023,4,110.6
Г.АЛМАТЫ,к тому же кварталу прошлого года,2024,1,109.8
Г.АЛМАТЫ,к тому же кварталу прошлого года,2024,2,108.8
Г.АЛМАТЫ,к тому же кварталу прошлого года,2024,3,108.5
Г.АЛМАТЫ,к тому же кварталу прошлого года,2024,4,109.2
Г.АСТАНА,к предыдущему кварталу,2020,1,102.9
Г.АСТАНА,к предыдущему кварталу,2020,2,102.8
Г.АСТАНА,к предыдущему кварталу,2020,3,100.2
Г.АСТАНА,к предыдущему кварталу,2020,4,101.7
Г.АСТАНА,к предыдущему кварталу,2021,1,102.3
Г.АСТАНА,к предыдущему кварталу,2021,2,102.3
Г.АСТАНА,к предыдущему кварталу,2021,3,101.8
Г.АСТАНА,к предыдущему кварталу,2021,4,102.0
Г.АСТАНА,к предыдущему кварталу,2022,1,103.3
Г.АСТАНА,к предыдущему кварталу,2022,2,106.6
Г.АСТАНА,к предыдущему кварталу,2022,3,104.7
Г.АСТАНА,к предыдущему кварталу,2022,4,106.2
Г.АСТАНА,к предыдущему кварталу,2023,1,103.2
Г.АСТАНА,к предыдущему кварталу,2023,2,101.6
Г.АСТАНА,к предыдущему кварталу,2023,3,102.0
Г.АСТАНА,к предыдущему кварталу,2023,4,102.3
Г.АСТАНА,к предыдущему кварталу,2024,1,103.1
Г.АСТАНА,к предыдущему кварталу,2024,2,102.3
Г.АСТАНА,к предыдущему кварталу,2024,3,102.5
Г.АСТАНА,к предыдущему кварталу,2024,4,102.1
Г.АСТАНА,к тому же кварталу прошлого года,2020,1,106.9
Г.АСТАНА,к тому же кварталу прошлого года,2020,2,108.0
Г.АСТАНА,к тому же кварталу прошлого года,2020,3,108.0
Г.АСТАНА,к тому же кварталу прошлого года,2020,4,107.7
Г.АСТАНА,к тому же кварталу прошлого года,2021,1,107.1
Г.АСТАНА,к тому же кварталу прошлого года,2021,2,106.6
Г.АСТАНА,к тому же кварталу прошлого года,2021,3,108.3
Г.АСТАНА,к тому же кварталу прошлого года,2021,4,108.7
Г.АСТАНА,к тому же кварталу прошлого года,2022,1,109.8
Г.АСТАНА,к тому же кварталу прошлого года,2022,2,114.3
Г.АСТАНА,к тому же кварталу прошлого года,2022,3,117.5
Г.АСТАНА,к тому же кварталу прошлого года,2022,4,122.4
Г.АСТАНА,к тому же кварталу прошлого года,2023,1,122.4
Г.АСТАНА,к тому же кварталу прошлого года,2023,2,116.6
Г.АСТАНА,к тому же кварталу прошлого года,2023,3,113.6
Г.АСТАНА,к тому же кварталу прошлого года,2023,4,109.4
Г.АСТАНА,к тому же кварталу прошлого года,2024,1,109.3
Г.АСТАНА,к тому же кварталу прошлого года,2024,2,110.0
Г.АСТАНА,к тому же кварталу прошлого года,2024,3,110.5
Г.АСТАНА,к тому же кварталу прошлого года,2024,4,110.4
Г.ШЫМКЕНТ,к предыдущему кварталу,2020,1,102.2
Г.ШЫМКЕНТ,к предыдущему кварталу,2020,2,102.1
Г.ШЫМКЕНТ,к предыдущему кварталу,2020,3,100.7
Г.ШЫМКЕНТ,к предыдущему кварталу,2020,4,101.9
Г.ШЫМКЕНТ,к предыдущему кварталу,2021,1,102.0
Г.ШЫМКЕНТ,к предыдущему кварталу,2021,2,102.5
Г.ШЫМКЕНТ,к предыдущему кварталу,2021,3,102.0
Г.ШЫМКЕНТ,к предыдущему кварталу,2021,4,101.7
Г.ШЫМКЕНТ,к предыдущему кварталу,2022,1,103.3
Г.ШЫМКЕНТ,к предыдущему кварталу,2022,2,105.7
Г.ШЫМКЕНТ,к предыдущему кварталу,2022,3,104.0
Г.ШЫМКЕНТ,к предыдущему кварталу,2022,4,105.0
Г.ШЫМКЕНТ,к предыдущему кварталу,2023,1,103.3
Г.ШЫМКЕНТ,к предыдущему кварталу,2023,2,102.2
Г.ШЫМКЕНТ,к предыдущему кварталу,2023,3,101.3
Г.ШЫМКЕНТ,к предыдущему кварталу,2023,4,102.3
Г.ШЫМКЕНТ,к предыдущему кварталу,2024,1,102.9
Г.ШЫМКЕНТ,к предыдущему кварталу,2024,2,101.3
Г.ШЫМКЕНТ,к предыдущему кварталу,2024,3,100.8
Г.ШЫМКЕНТ,к предыдущему кварталу,2024,4,102.2
Г.ШЫМКЕНТ,к тому же кварталу прошлого года,2020,1,106.4
Г.ШЫМКЕНТ,к тому же кварталу прошлого года,2020,2,106.4
Г.ШЫМКЕНТ,к тому же кварталу прошлого года,2020,3,106.7
Г.ШЫМКЕНТ,к тому же кварталу прошлого года,2020,4,107.1
Г.ШЫМКЕНТ,к тому же кварталу прошлого года,2021,1,106.8
Г.ШЫМКЕНТ,к тому же кварталу прошлого года,2021,2,107.2
Г.ШЫМКЕНТ,к тому же кварталу прошлого года,2021,3,108.6
Г.ШЫМКЕНТ,к тому же кварталу прошлого года,2021,4,108.4
Г.ШЫМКЕНТ,к тому же кварталу прошлого года,2022,1,109.8
Г.ШЫМКЕНТ,к тому же кварталу прошлого года,2022,2,113.3
Г.ШЫМКЕНТ,к тому же кварталу прошлого года,2022,3,115.5
Г.ШЫМКЕНТ,к тому же кварталу прошлого года,2022,4,119.2
Г.ШЫМКЕНТ,к тому же кварталу прошлого года,2023,1,119.2
Г.ШЫМКЕНТ,к тому же кварталу прошлого года,2023,2,115.2
Г.ШЫМКЕНТ,к тому же кварталу прошлого года,2023,3,112.3
Г.ШЫМКЕНТ,к тому же кварталу прошлого года,2023,4,109.5
Г.ШЫМКЕНТ,к тому же кварталу прошлого года,2024,1,109.0
Г.ШЫМКЕНТ,к тому же кварталу прошлого года,2024,2,108.1
Г.ШЫМКЕНТ,к тому же кварталу прошлого года,2024,3,107.6
Г.ШЫМКЕНТ,к тому же кварталу прошлого года,2024,4,107.4
ЖАМБЫЛСКАЯ ОБЛАСТЬ,к предыдущему кварталу,2020,1,102.1
ЖАМБЫЛСКАЯ ОБЛАСТЬ,к предыдущему кварталу,2020,2,102.2
ЖАМБЫЛСКАЯ ОБЛАСТЬ,к предыдущему кварталу,2020,3,100.9
ЖАМБЫЛСКАЯ ОБЛАСТЬ,к предыдущему кварталу,2020,4,101.6
ЖАМБЫЛСКАЯ ОБЛАСТЬ,к предыдущему кварталу,2021,1,102.2
ЖАМБЫЛСКАЯ ОБЛАСТЬ,к предыдущему кварталу,2021,2,102.4
ЖАМБЫЛСКАЯ ОБЛАСТЬ,к предыдущему кварталу,2021,3,102.2
ЖАМБЫЛСКАЯ ОБЛАСТЬ,к предыдущему кварталу,2021,4,101.6
ЖАМБЫЛСКАЯ ОБЛАСТЬ,к предыдущему кварталу,2022,1,102.9
ЖАМБЫЛСКАЯ ОБЛАСТЬ,к предыдущему кварталу,2022,2,106.1
ЖАМБЫЛСКАЯ ОБЛАСТЬ,к предыдущему кварталу,2022,3,103.6
ЖАМБЫЛСКАЯ ОБЛАСТЬ,к предыдущему кварталу,2022,4,104.5
ЖАМБЫЛСКАЯ ОБЛАСТЬ,к предыдущему кварталу,2023,1,103.9
ЖАМБЫЛСКАЯ ОБЛАСТЬ,к предыдущему кварталу,2023,2,102.5
ЖАМБЫЛСКАЯ ОБЛАСТЬ,к предыдущему кварталу,2023,3,101.6
ЖАМБЫЛСКАЯ ОБЛАСТЬ,к предыдущему кварталу,2023,4,102.0
ЖАМБЫЛСКАЯ ОБЛАСТЬ,к предыдущему кварталу,2024,1,102.4
ЖАМБЫЛСКАЯ ОБЛАСТЬ,к предыдущему кварталу,2024,2,101.2
ЖАМБЫЛСКАЯ ОБЛАСТЬ,к предыдущему кварталу,2024,3,101.5
ЖАМБЫЛСКАЯ ОБЛАСТЬ,к предыдущему кварталу,2024,4,101.5
ЖАМБЫЛСКАЯ ОБЛАСТЬ,к тому же кварталу прошлого года,2020,1,105.7
ЖАМБЫЛСКАЯ ОБЛАСТЬ,к тому же кварталу прошлого года,2020,2,106.8
ЖАМБЫЛСКАЯ ОБЛАСТЬ,к тому же кварталу прошлого года,2020,3,106.9
ЖАМБЫЛСКАЯ ОБЛАСТЬ,к тому же кварталу прошлого года,2020,4,107.0
ЖАМБЫЛСКАЯ ОБЛАСТЬ,к тому же кварталу прошлого года,2021,1,107.1
ЖАМБЫЛСКАЯ ОБЛАСТЬ,к тому же кварталу прошлого года,2021,2,107.3
ЖАМБЫЛСКАЯ ОБЛАСТЬ,к тому же кварталу прошлого года,2021,3,108.7
ЖАМБЫЛСКАЯ ОБЛАСТЬ,к тому же кварталу прошлого года,2021,4,108.6
ЖАМБЫЛСКАЯ ОБЛАСТЬ,к тому же кварталу прошлого года,2022,1,109.4
ЖАМБЫЛСКАЯ ОБЛАСТЬ,к тому же кварталу прошлого года,2022,2,113.3
ЖАМБЫЛСКАЯ ОБЛАСТЬ,к тому же кварталу прошлого года,2022,3,114.9
ЖАМБЫЛСКАЯ ОБЛАСТЬ,к тому же кварталу прошлого года,2022,4,118.2
ЖАМБЫЛСКАЯ ОБЛАСТЬ,к тому же кварталу прошлого года,2023,1,119.4
ЖАМБЫЛСКАЯ ОБЛАСТЬ,к тому же кварталу прошлого года,2023,2,115.3
ЖАМБЫЛСКАЯ ОБЛАСТЬ,к тому же кварталу прошлого года,2023,3,113.1
ЖАМБЫЛСКАЯ ОБЛАСТЬ,к тому же кварталу прошлого года,2023,4,110.4
ЖАМБЫЛСКАЯ ОБЛАСТЬ,к тому же кварталу прошлого года,2024,1,108.8
ЖАМБЫЛСКАЯ ОБЛАСТЬ,к тому же кварталу прошлого года,2024,2,107.5
ЖАМБЫЛСКАЯ ОБЛАСТЬ,к тому же кварталу прошлого года,2024,3,107.3
ЖАМБЫЛСКАЯ ОБЛАСТЬ,к тому же кварталу прошлого года,2024,4,106.7
ЗАПАДНО-КАЗАХСТАНСКАЯ ОБЛАСТЬ,к предыдущему кварталу,2020,1,102.0
ЗАПАДНО-КАЗАХСТАНСКАЯ ОБЛАСТЬ,к предыдущему кварталу,2020,2,102.1
ЗАПАДНО-КАЗАХСТАНСКАЯ ОБЛАСТЬ,к предыдущему кварталу,2020,3,101.2
ЗАПАДНО-КАЗАХСТАНСКАЯ ОБЛАСТЬ,к предыдущему кварталу,2020,4,101.6
ЗАПАДНО-КАЗАХСТАНСКАЯ ОБЛАСТЬ,к предыдущему кварталу,2021,1,102.2
ЗАПАДНО-КАЗАХСТАНСКАЯ ОБЛАСТЬ,к предыдущему кварталу,2021,2,102.2
ЗАПАДНО-КАЗАХСТАНСКАЯ ОБЛАСТЬ,к предыдущему кварталу,2021,3,102.2
ЗАПАДНО-КАЗАХСТАНСКАЯ ОБЛАСТЬ,к предыдущему кварталу,2021,4,101.9
ЗАПАДНО-КАЗАХСТАНСКАЯ ОБЛАСТЬ,к предыдущему кварталу,2022,1,102.8
ЗАПАДНО-КАЗАХСТАНСКАЯ ОБЛАСТЬ,к предыдущему кварталу,2022,2,106.0
ЗАПАДНО-КАЗАХСТАНСКАЯ ОБЛАСТЬ,к предыдущему кварталу,2022,3,104.5
ЗАПАДНО-КАЗАХСТАНСКАЯ ОБЛАСТЬ,к предыдущему кварталу,2022,4,104.6
ЗАПАДНО-КАЗАХСТАНСКАЯ ОБЛАСТЬ,к предыдущему кварталу,2023,1,103.5
ЗАПАДНО-КАЗАХСТАНСКАЯ ОБЛАСТЬ,к предыдущему кварталу,2023,2,102.5
ЗАПАДНО-КАЗАХСТАНСКАЯ ОБЛАСТЬ,к предыдущему кварталу,2023,3,101.3
ЗАПАДНО-КАЗАХСТАНСКАЯ ОБЛАСТЬ,к предыдущему кварталу,2023,4,102.2
ЗАПАДНО-КАЗАХСТАНСКАЯ ОБЛАСТЬ,к предыдущему кварталу,2024,1,102.5
ЗАПАДНО-КАЗАХСТАНСКАЯ ОБЛАСТЬ,к предыдущему кварталу,2024,2,101.9
ЗАПАДНО-КАЗАХСТАНСКАЯ ОБЛАСТЬ,к предыдущему кварталу,2024,3,102.1
ЗАПАДНО-КАЗАХСТАНСКАЯ ОБЛАСТЬ,к предыдущему кварталу,2024,4,102.4
ЗАПАДНО-КАЗАХСТАНСКАЯ ОБЛАСТЬ,к тому же кварталу прошлого года,2020,1,105.6
ЗАПАДНО-КАЗАХСТАНСКАЯ ОБЛАСТЬ,к тому же кварталу прошлого года,2020,2,106.6
ЗАПАДНО-КАЗАХСТАНСКАЯ ОБЛАСТЬ,к тому же кварталу прошлого года,2020,3,106.9
ЗАПАДНО-КАЗАХСТАНСКАЯ ОБЛАСТЬ,к тому же кварталу прошлого года,2020,4,107.1
ЗАПАДНО-КАЗАХСТАНСКАЯ ОБЛАСТЬ,к тому же кварталу прошлого года,2021,1,107.2
ЗАПАДНО-КАЗАХСТАНСКАЯ ОБЛАСТЬ,к тому же кварталу прошлого года,2021,2,107.4
ЗАПАДНО-КАЗАХСТАНСКАЯ ОБЛАСТЬ,к тому же кварталу прошлого года,2021,3,108.4
ЗАПАДНО-КАЗАХСТАНСКАЯ ОБЛАСТЬ,к тому же кварталу прошлого года,2021,4,108.6
ЗАПАДНО-КАЗАХСТАНСКАЯ ОБЛАСТЬ,к тому же кварталу прошлого года,2022,1,109.3
ЗАПАДНО-КАЗАХСТАНСКАЯ ОБЛАСТЬ,к тому же кварталу прошлого года,2022,2,113.4
ЗАПАДНО-КАЗАХСТАНСКАЯ ОБЛАСТЬ,к тому же кварталу прошлого года,2022,3,116.0
ЗАПАДНО-КАЗАХСТАНСКАЯ ОБЛАСТЬ,к тому же кварталу прошлого года,2022,4,119.2
ЗАПАДНО-КАЗАХСТАНСКАЯ ОБЛАСТЬ,к тому же кварталу прошлого года,2023,1,120.0
ЗАПАДНО-КАЗАХСТАНСКАЯ ОБЛАСТЬ,к тому же кварталу прошлого года,2023,2,116.1
ЗАПАДНО-КАЗАХСТАНСКАЯ ОБЛАСТЬ,к тому же кварталу прошлого года,2023,3,112.5
ЗАПАДНО-КАЗАХСТАНСКАЯ ОБЛАСТЬ,к тому же кварталу прошлого года,2023,4,109.9
ЗАПАДНО-КАЗАХСТАНСКАЯ ОБЛАСТЬ,к тому же кварталу прошлого года,2024,1,108.8
ЗАПАДНО-КАЗАХСТАНСКАЯ ОБЛАСТЬ,к тому же кварталу прошлого года,2024,2,108.1
ЗАПАДНО-КАЗАХСТАНСКАЯ ОБЛАСТЬ,к тому же кварталу прошлого года,2024,3,108.8
ЗАПАДНО-КАЗАХСТАНСКАЯ ОБЛАСТЬ,к тому же кварталу прошлого года,2024,4,109.0
КАРАГАНДИНСКАЯ ОБЛАСТЬ,к предыдущему кварталу,2020,1,102.0
КАРАГАНДИНСКАЯ ОБЛАСТЬ,к предыдущему кварталу,2020,2,102.1
КАРАГАНДИНСКАЯ ОБЛАСТЬ,к предыдущему кварталу,2020,3,101.1
КАРАГАНДИНСКАЯ ОБЛАСТЬ,к предыдущему кварталу,2020,4,101.9
КАРАГАНДИНСКАЯ ОБЛАСТЬ,к предыдущему кварталу,2021,1,102.4
КАРАГАНДИНСКАЯ ОБЛАСТЬ,к предыдущему кварталу,2021,2,102.1
КАРАГАНДИНСКАЯ ОБЛАСТЬ,к предыдущему кварталу,2021,3,102.2
КАРАГАНДИНСКАЯ ОБЛАСТЬ,к предыдущему кварталу,2021,4,101.9
КАРАГАНДИНСКАЯ ОБЛАСТЬ,к предыдущему кварталу,2022,1,103.3
КАРАГАНДИНСКАЯ ОБЛАСТЬ,к предыдущему кварталу,2022,2,106.5
КАРАГАНДИНСКАЯ ОБЛАСТЬ,к предыдущему кварталу,2022,3,104.3
КАРАГАНДИНСКАЯ ОБЛАСТЬ,к предыдущему кварталу,2022,4,104.7
КАРАГАНДИНСКАЯ ОБЛАСТЬ,к предыдущему кварталу,2023,1,103.2
КАРАГАНДИНСКАЯ ОБЛАСТЬ,к предыдущему кварталу,2023,2,102.3
КАРАГАНДИНСКАЯ ОБЛАСТЬ,к предыдущему кварталу,2023,3,102.3
КАРАГАНДИНСКАЯ ОБЛАСТЬ,к предыдущему кварталу,2023,4,103.1
КАРАГАНДИНСКАЯ ОБЛАСТЬ,к предыдущему кварталу,2024,1,103.0
КАРАГАНДИНСКАЯ ОБЛАСТЬ,к предыдущему кварталу,2024,2,101.8
КАРАГАНДИНСКАЯ ОБЛАСТЬ,к предыдущему кварталу,2024,3,101.4
КАРАГАНДИНСКАЯ ОБЛАСТЬ,к предыдущему кварталу,2024,4,102.6
КАРАГАНДИНСКАЯ ОБЛАСТЬ,к тому же кварталу прошлого года,2020,1,106.0
КАРАГАНДИНСКАЯ ОБЛАСТЬ,к тому же кварталу прошлого года,2020,2,106.4
КАРАГАНДИНСКАЯ ОБЛАСТЬ,к тому же кварталу прошлого года,2020,3,106.9
КАРАГАНДИНСКАЯ ОБЛАСТЬ,к тому же кварталу прошлого года,2020,4,107.3
КАРАГАНДИНСКАЯ ОБЛАСТЬ,к тому же кварталу прошлого года,2021,1,107.8
КАРАГАНДИНСКАЯ ОБЛАСТЬ,к тому же кварталу прошлого года,2021,2,107.8
КАРАГАНДИНСКАЯ ОБЛАСТЬ,к тому же кварталу прошлого года,2021,3,109.0
КАРАГАНДИНСКАЯ ОБЛАСТЬ,к тому же кварталу прошлого года,2021,4,109.0
КАРАГАНДИНСКАЯ ОБЛАСТЬ,к тому же кварталу прошлого года,2022,1,110.0
КАРАГАНДИНСКАЯ ОБЛАСТЬ,к тому же кварталу прошлого года,2022,2,114.6
КАРАГАНДИНСКАЯ ОБЛАСТЬ,к тому же кварталу прошлого года,2022,3,116.9
КАРАГАНДИНСКАЯ ОБЛАСТЬ,к тому же кварталу прошлого года,2022,4,120.2
КАРАГАНДИНСКАЯ ОБЛАСТЬ,к тому же кварталу прошлого года,2023,1,120.1
КАРАГАНДИНСКАЯ ОБЛАСТЬ,к тому же кварталу прошлого года,2023,2,115.4
КАРАГАНДИНСКАЯ ОБЛАСТЬ,к тому же кварталу прошлого года,2023,3,113.1
КАРАГАНДИНСКАЯ ОБЛАСТЬ,к тому же кварталу прошлого года,2023,4,111.4
КАРАГАНДИНСКАЯ ОБЛАСТЬ,к тому же кварталу прошлого года,2024,1,111.2
КАРАГАНДИНСКАЯ ОБЛАСТЬ,к тому же кварталу прошлого года,2024,2,110.6
КАРАГАНДИНСКАЯ ОБЛАСТЬ,к тому же кварталу прошлого года,2024,3,109.6
КАРАГАНДИНСКАЯ ОБЛАСТЬ,к тому же кварталу прошлого года,2024,4,109.1
КОСТАНАЙСКАЯ ОБЛАСТЬ,к предыдущему кварталу,2020,1,102.0
КОСТАНАЙСКАЯ ОБЛАСТЬ,к предыдущему кварталу,2020,2,102.2
КОСТАНАЙСКАЯ ОБЛАСТЬ,к предыдущему кварталу,2020,3,100.9
КОСТАНАЙСКАЯ ОБЛАСТЬ,к предыдущему кварталу,2020,4,101.9
КОСТАНАЙСКАЯ ОБЛАСТЬ,к предыдущему кварталу,2021,1,101.9
КОСТАНАЙСКАЯ ОБЛАСТЬ,к предыдущему кварталу,2021,2,102.4
КОСТАНАЙСКАЯ ОБЛАСТЬ,к предыдущему кварталу,2021,3,102.0
КОСТАНАЙСКАЯ ОБЛАСТЬ,к предыдущему кварталу,2021,4,101.8
КОСТАНАЙСКАЯ ОБЛАСТЬ,к предыдущему кварталу,2022,1,103.0
КОСТАНАЙСКАЯ ОБЛАСТЬ,к предыдущему кварталу,2022,2,106.0
КОСТАНАЙСКАЯ ОБЛАСТЬ,к предыдущему кварталу,2022,3,104.7
КОСТАНАЙСКАЯ ОБЛАСТЬ,к предыдущему кварталу,2022,4,104.2
КОСТАНАЙСКАЯ ОБЛАСТЬ,к предыдущему кварталу,2023,1,103.8
КОСТАНАЙСКАЯ ОБЛАСТЬ,к предыдущему кварталу,2023,2,102.3
КОСТАНАЙСКАЯ ОБЛАСТЬ,к предыдущему кварталу,2023,3,101.6
КОСТАНАЙСКАЯ ОБЛАСТЬ,к предыдущему кварталу,2023,4,102.1
КОСТАНАЙСКАЯ ОБЛАСТЬ,к предыдущему кварталу,2024,1,102.3
КОСТАНАЙСКАЯ ОБЛАСТЬ,к предыдущему кварталу,2024,2,102.0
КОСТАНАЙСКАЯ ОБЛАСТЬ,к предыдущему кварталу,2024,3,101.0
КОСТАНАЙСКАЯ ОБЛАСТЬ,к предыдущему кварталу,2024,4,102.0
КОСТАНАЙСКАЯ ОБЛАСТЬ,к тому же кварталу прошлого года,2020,1,105.7
КОСТАНАЙСКАЯ ОБЛАСТЬ,к тому же кварталу прошлого года,2020,2,106.6
КОСТАНАЙСКАЯ ОБЛАСТЬ,к тому же кварталу прошлого года,2020,3,106.8
КОСТАНАЙСКАЯ ОБЛАСТЬ,к тому же кварталу прошлого года,2020,4,107.1
КОСТАНАЙСКАЯ ОБЛАСТЬ,к тому же кварталу прошлого года,2021,1,107.1
КОСТАНАЙСКАЯ ОБЛАСТЬ,к тому же кварталу прошлого года,2021,2,107.4
КОСТАНАЙСКАЯ ОБЛАСТЬ,к тому же кварталу прошлого года,2021,3,108.5
КОСТАНАЙСКАЯ ОБЛАСТЬ,к тому же кварталу прошлого года,2021,4,108.4
КОСТАНАЙСКАЯ ОБЛАСТЬ,к тому же кварталу прошлого года,2022,1,109.6
КОСТАНАЙСКАЯ ОБЛАСТЬ,к тому же кварталу прошлого года,2022,2,113.4
КОСТАНАЙСКАЯ ОБЛАСТЬ,к тому же кварталу прошлого года,2022,3,116.4
КОСТАНАЙСКАЯ ОБЛАСТЬ,к тому же кварталу прошлого года,2022,4,119.2
КОСТАНАЙСКАЯ ОБЛАСТЬ,к тому же кварталу прошлого года,2023,1,120.1
КОСТАНАЙСКАЯ ОБЛАСТЬ,к тому же кварталу прошлого года,2023,2,115.9
КОСТАНАЙСКАЯ ОБЛАСТЬ,к тому же кварталу прошлого года,2023,3,112.4
КОСТАНАЙСКАЯ ОБЛАСТЬ,к тому же кварталу прошлого года,2023,4,110.1
КОСТАНАЙСКАЯ ОБЛАСТЬ,к тому же кварталу прошлого года,2024,1,108.5
КОСТАНАЙСКАЯ ОБЛАСТЬ,к тому же кварталу прошлого года,2024,2,108.3
КОСТАНАЙСКАЯ ОБЛАСТЬ,к тому же кварталу прошлого года,2024,3,107.7
КОСТАНАЙСКАЯ ОБЛАСТЬ,к тому же кварталу прошлого года,2024,4,107.6
КЫЗЫЛОРДИНСКАЯ ОБЛАСТЬ,к предыдущему кварталу,2020,1,101.9
КЫЗЫЛОРДИНСКАЯ ОБЛАСТЬ,к предыдущему кварталу,2020,2,102.1
КЫЗЫЛОРДИНСКАЯ ОБЛАСТЬ,к предыдущему кварталу,2020,3,101.2
КЫЗЫЛОРДИНСКАЯ ОБЛАСТЬ,к предыдущему кварталу,2020,4,101.8
КЫЗЫЛОРДИНСКАЯ ОБЛАСТЬ,к предыдущему кварталу,2021,1,102.0
КЫЗЫЛОРДИНСКАЯ ОБЛАСТЬ,к предыдущему кварталу,2021,2,102.2
КЫЗЫЛОРДИНСКАЯ ОБЛАСТЬ,к предыдущему кварталу,2021,3,102.1
КЫЗЫЛОРДИНСКАЯ ОБЛАСТЬ,к предыдущему кварталу,2021,4,101.9
КЫЗЫЛОРДИНСКАЯ ОБЛАСТЬ,к предыдущему кварталу,2022,1,102.6
КЫЗЫЛОРДИНСКАЯ ОБЛАСТЬ,к предыдущему кварталу,2022,2,106.0
КЫЗЫЛОРДИНСКАЯ ОБЛАСТЬ,к предыдущему кварталу,2022,3,104.3
КЫЗЫЛОРДИНСКАЯ ОБЛАСТЬ,к предыдущему кварталу,2022,4,105.0
КЫЗЫЛОРДИНСКАЯ ОБЛАСТЬ,к предыдущему кварталу,2023,1,103.4
КЫЗЫЛОРДИНСКАЯ ОБЛАСТЬ,к предыдущему кварталу,2023,2,102.3
КЫЗЫЛОРДИНСКАЯ ОБЛАСТЬ,к предыдущему кварталу,2023,3,102.0
КЫЗЫЛОРДИНСКАЯ ОБЛАСТЬ,к предыдущему кварталу,2023,4,101.6
КЫЗЫЛОРДИНСКАЯ ОБЛАСТЬ,к предыдущему кварталу,2024,1,102.0
КЫЗЫЛОРДИНСКАЯ ОБЛАСТЬ,к предыдущему кварталу,2024,2,101.6
КЫЗЫЛОРДИНСКАЯ ОБЛАСТЬ,к предыдущему кварталу,2024,3,102.3
КЫЗЫЛОРДИНСКАЯ ОБЛАСТЬ,к предыдущему кварталу,2024,4,102.0
КЫЗЫЛОРДИНСКАЯ ОБЛАСТЬ,к тому же кварталу прошлого года,2020,1,105.8
КЫЗЫЛОРДИНСКАЯ ОБЛАСТЬ,к тому же кварталу прошлого года,2020,2,106.5
КЫЗЫЛОРДИНСКАЯ ОБЛАСТЬ,к тому же кварталу прошлого года,2020,3,106.9
КЫЗЫЛОРДИНСКАЯ ОБЛАСТЬ,к тому же кварталу прошлого года,2020,4,107.1
КЫЗЫЛОРДИНСКАЯ ОБЛАСТЬ,к тому же кварталу прошлого года,2021,1,107.2
КЫЗЫЛОРДИНСКАЯ ОБЛАСТЬ,к тому же кварталу прошлого года,2021,2,107.4
КЫЗЫЛОРДИНСКАЯ ОБЛАСТЬ,к тому же кварталу прошлого года,2021,3,108.4
КЫЗЫЛОРДИНСКАЯ ОБЛАСТЬ,к тому же кварталу прошлого года,2021,4,108.5
КЫЗЫЛОРДИНСКАЯ ОБЛАСТЬ,к тому же кварталу прошлого года,2022,1,109.2
КЫЗЫЛОРДИНСКАЯ ОБЛАСТЬ,к тому же кварталу прошлого года,2022,2,113.2
КЫЗЫЛОРДИНСКАЯ ОБЛАСТЬ,к тому же кварталу прошлого года,2022,3,115.6
КЫЗЫЛОРДИНСКАЯ ОБЛАСТЬ,к тому же кварталу прошлого года,2022,4,119.1
КЫЗЫЛОРДИНСКАЯ ОБЛАСТЬ,к тому же кварталу прошлого года,2023,1,119.9
КЫЗЫЛОРДИНСКАЯ ОБЛАСТЬ,к тому же кварталу прошлого года,2023,2,115.8
КЫЗЫЛОРДИНСКАЯ ОБЛАСТЬ,к тому же кварталу прошлого года,2023,3,113.2
КЫЗЫЛОРДИНСКАЯ ОБЛАСТЬ,к тому же кварталу прошлого года,2023,4,109.6
КЫЗЫЛОРДИНСКАЯ ОБЛАСТЬ,к тому же кварталу прошлого года,2024,1,108.2
КЫЗЫЛОРДИНСКАЯ ОБЛАСТЬ,к тому же кварталу прошлого года,2024,2,107.4
КЫЗЫЛОРДИНСКАЯ ОБЛАСТЬ,к тому же кварталу прошлого года,2024,3,107.8
КЫЗЫЛОРДИНСКАЯ ОБЛАСТЬ,к тому же кварталу прошлого года,2024,4,108.2
МАНГИСТАУСКАЯ ОБЛАСТЬ,к предыдущему кварталу,2020,1,101.9
МАНГИСТАУСКАЯ ОБЛАСТЬ,к предыдущему кварталу,2020,2,102.7
МАНГИСТАУСКАЯ ОБЛАСТЬ,к предыдущему кварталу,2020,3,101.1
МАНГИСТАУСКАЯ ОБЛАСТЬ,к предыдущему кварталу,2020,4,101.7
МАНГИСТАУСКАЯ ОБЛАСТЬ,к предыдущему кварталу,2021,1,102.6
МАНГИСТАУСКАЯ ОБЛАСТЬ,к предыдущему кварталу,2021,2,102.7
МАНГИСТАУСКАЯ ОБЛАСТЬ,к предыдущему кварталу,2021,3,102.2
МАНГИСТАУСКАЯ ОБЛАСТЬ,к предыдущему кварталу,2021,4,101.6
МАНГИСТАУСКАЯ ОБЛАСТЬ,к предыдущему кварталу,2022,1,102.9
МАНГИСТАУСКАЯ ОБЛАСТЬ,к предыдущему кварталу,2022,2,108.0
МАНГИСТАУСКАЯ ОБЛАСТЬ,к предыдущему кварталу,2022,3,106.0
МАНГИСТАУСКАЯ ОБЛАСТЬ,к предыдущему кварталу,2022,4,104.9
МАНГИСТАУСКАЯ ОБЛАСТЬ,к предыдущему кварталу,2023,1,103.0
МАНГИСТАУСКАЯ ОБЛАСТЬ,к предыдущему кварталу,2023,2,102.5
МАНГИСТАУСКАЯ ОБЛАСТЬ,к предыдущему кварталу,2023,3,101.9
МАНГИСТАУСКАЯ ОБЛАСТЬ,к предыдущему кварталу,2023,4,102.7
МАНГИСТАУСКАЯ ОБЛАСТЬ,к предыдущему кварталу,2024,1,102.8
МАНГИСТАУСКАЯ ОБЛАСТЬ,к предыдущему кварталу,2024,2,102.6
МАНГИСТАУСКАЯ ОБЛАСТЬ,к предыдущему кварталу,2024,3,101.7
МАНГИСТАУСКАЯ ОБЛАСТЬ,к предыдущему кварталу,2024,4,102.0
МАНГИСТАУСКАЯ ОБЛАСТЬ,к тому же кварталу прошлого года,2020,1,106.1
МАНГИСТАУСКАЯ ОБЛАСТЬ,к тому же кварталу прошлого года,2020,2,107.3
МАНГИСТАУСКАЯ ОБЛАСТЬ,к тому же кварталу прошлого года,2020,3,107.4
МАНГИСТАУСКАЯ ОБЛАСТЬ,к тому же кварталу прошлого года,2020,4,107.6
МАНГИСТАУСКАЯ ОБЛАСТЬ,к тому же кварталу прошлого года,2021,1,108.4
МАНГИСТАУСКАЯ ОБЛАСТЬ,к тому же кварталу прошлого года,2021,2,108.4
МАНГИСТАУСКАЯ ОБЛАСТЬ,к тому же кварталу прошлого года,2021,3,109.6
МАНГИСТАУСКАЯ ОБЛАСТЬ,к тому же кварталу прошлого года,2021,4,109.5
МАНГИСТАУСКАЯ ОБЛАСТЬ,к тому же кварталу прошлого года,2022,1,109.8
МАНГИСТАУСКАЯ ОБЛАСТЬ,к тому же кварталу прошлого года,2022,2,115.4
МАНГИСТАУСКАЯ ОБЛАСТЬ,к тому же кварталу прошлого года,2022,3,119.6
МАНГИСТАУСКАЯ ОБЛАСТЬ,к тому же кварталу прошлого года,2022,4,123.5
МАНГИСТАУСКАЯ ОБЛАСТЬ,к тому же кварталу прошлого года,2023,1,123.6
МАНГИСТАУСКАЯ ОБЛАСТЬ,к тому же кварталу прошлого года,2023,2,117.4
МАНГИСТАУСКАЯ ОБЛАСТЬ,к тому же кварталу прошлого года,2023,3,112.8
МАНГИСТАУСКАЯ ОБЛАСТЬ,к тому же кварталу прошлого года,2023,4,110.4
МАНГИСТАУСКАЯ ОБЛАСТЬ,к тому же кварталу прошлого года,2024,1,110.2
МАНГИСТАУСКАЯ ОБЛАСТЬ,к тому же кварталу прошлого года,2024,2,110.3
МАНГИСТАУСКАЯ ОБЛАСТЬ,к тому же кварталу прошлого года,2024,3,110.1
МАНГИСТАУСКАЯ ОБЛАСТЬ,к тому же кварталу прошлого года,2024,4,109.4
ОБЛАСТЬ АБАЙ,к предыдущему кварталу,2022,2,106.5
ОБЛАСТЬ АБАЙ,к предыдущему кварталу,2022,3,104.5
ОБЛАСТЬ АБАЙ,к предыдущему кварталу,2022,4,104.3
ОБЛАСТЬ АБАЙ,к предыдущему кварталу,2023,1,103.2
ОБЛАСТЬ АБАЙ,к предыдущему кварталу,2023,2,102.8
ОБЛАСТЬ АБАЙ,к предыдущему кварталу,2023,3,101.4
ОБЛАСТЬ АБАЙ,к предыдущему кварталу,2023,4,102.0
ОБЛАСТЬ АБАЙ,к предыдущему кварталу,2024,1,103.0
ОБЛАСТЬ АБАЙ,к предыдущему кварталу,2024,2,101.5
ОБЛАСТЬ АБАЙ,к предыдущему кварталу,2024,3,101.6
ОБЛАСТЬ АБАЙ,к предыдущему кварталу,2024,4,102.8
ОБЛАСТЬ АБАЙ,к тому же кварталу прошлого года,2022,2,114.3
ОБЛАСТЬ АБАЙ,к тому же кварталу прошлого года,2022,3,117.1
ОБЛАСТЬ АБАЙ,к тому же кварталу прошлого года,2022,4,119.7
ОБЛАСТЬ АБАЙ,к тому же кварталу прошлого года,2023,1,119.8
ОБЛАСТЬ АБАЙ,к тому же кварталу прошлого года,2023,2,115.6
ОБЛАСТЬ АБАЙ,к тому же кварталу прошлого года,2023,3,112.1
ОБЛАСТЬ АБАЙ,к тому же кварталу прошлого года,2023,4,109.7
ОБЛАСТЬ АБАЙ,к тому же кварталу прошлого года,2024,1,109.4
ОБЛАСТЬ АБАЙ,к тому же кварталу прошлого года,2024,2,108.0
ОБЛАСТЬ АБАЙ,к тому же кварталу прошлого года,2024,3,108.3
ОБЛАСТЬ АБАЙ,к тому же кварталу прошлого года,2024,4,109.1
ОБЛАСТЬ ЖЕТІСУ,к предыдущему кварталу,2022,2,106.1
ОБЛАСТЬ ЖЕТІСУ,к предыдущему кварталу,2022,3,104.5
ОБЛАСТЬ ЖЕТІСУ,к предыдущему кварталу,2022,4,104.2
ОБЛАСТЬ ЖЕТІСУ,к предыдущему кварталу,2023,1,103.7
ОБЛАСТЬ ЖЕТІСУ,к предыдущему кварталу,2023,2,103.0
ОБЛАСТЬ ЖЕТІСУ,к предыдущему кварталу,2023,3,101.9
ОБЛАСТЬ ЖЕТІСУ,к предыдущему кварталу,2023,4,101.8
ОБЛАСТЬ ЖЕТІСУ,к предыдущему кварталу,2024,1,102.5
ОБЛАСТЬ ЖЕТІСУ,к предыдущему кварталу,2024,2,102.3
ОБЛАСТЬ ЖЕТІСУ,к предыдущему кварталу,2024,3,101.4
ОБЛАСТЬ ЖЕТІСУ,к предыдущему кварталу,2024,4,101.8
ОБЛАСТЬ ЖЕТІСУ,к тому же кварталу прошлого года,2022,2,113.6
ОБЛАСТЬ ЖЕТІСУ,к тому же кварталу прошлого года,2022,3,116.2
ОБЛАСТЬ ЖЕТІСУ,к тому же кварталу прошлого года,2022,4,119.2
ОБЛАСТЬ ЖЕТІСУ,к тому же кварталу прошлого года,2023,1,119.9
ОБЛАСТЬ ЖЕТІСУ,к тому же кварталу прошлого года,2023,2,116.3
ОБЛАСТЬ ЖЕТІСУ,к тому же кварталу прошлого года,2023,3,113.4
ОБЛАСТЬ ЖЕТІСУ,к тому же кварталу прошлого года,2023,4,110.8
ОБЛАСТЬ ЖЕТІСУ,к тому же кварталу прошлого года,2024,1,109.6
ОБЛАСТЬ ЖЕТІСУ,к тому же кварталу прошлого года,2024,2,108.9
ОБЛАСТЬ ЖЕТІСУ,к тому же кварталу прошлого года,2024,3,108.4
ОБЛАСТЬ ЖЕТІСУ,к тому же кварталу прошлого года,2024,4,108.3
ОБЛАСТЬ ҰЛЫТАУ,к предыдущему кварталу,2022,2,106.4
ОБЛАСТЬ ҰЛЫТАУ,к предыдущему кварталу,2022,3,105.3
ОБЛАСТЬ ҰЛЫТАУ,к предыдущему кварталу,2022,4,103.9
ОБЛАСТЬ ҰЛЫТАУ,к предыдущему кварталу,2023,1,103.3
ОБЛАСТЬ ҰЛЫТАУ,к предыдущему кварталу,2023,2,103.2
ОБЛАСТЬ ҰЛЫТАУ,к предыдущему кварталу,2023,3,102.3
ОБЛАСТЬ ҰЛЫТАУ,к предыдущему кварталу,2023,4,101.8
ОБЛАСТЬ ҰЛЫТАУ,к предыдущему кварталу,2024,1,101.7
ОБЛАСТЬ ҰЛЫТАУ,к предыдущему кварталу,2024,2,101.5
ОБЛАСТЬ ҰЛЫТАУ,к предыдущему кварталу,2024,3,101.3
ОБЛАСТЬ ҰЛЫТАУ,к предыдущему кварталу,2024,4,102.4
ОБЛАСТЬ ҰЛЫТАУ,к тому же кварталу прошлого года,2022,2,114.5
ОБЛАСТЬ ҰЛЫТАУ,к тому же кварталу прошлого года,2022,3,118.0
ОБЛАСТЬ ҰЛЫТАУ,к тому же кварталу прошлого года,2022,4,120.3
ОБЛАСТЬ ҰЛЫТАУ,к тому же кварталу прошлого года,2023,1,120.2
ОБЛАСТЬ ҰЛЫТАУ,к тому же кварталу прошлого года,2023,2,116.7
ОБЛАСТЬ ҰЛЫТАУ,к тому же кварталу прошлого года,2023,3,113.3
ОБЛАСТЬ ҰЛЫТАУ,к тому же кварталу прошлого года,2023,4,111.0
ОБЛАСТЬ ҰЛЫТАУ,к тому же кварталу прошлого года,2024,1,109.3
ОБЛАСТЬ ҰЛЫТАУ,к тому же кварталу прошлого года,2024,2,107.5
ОБЛАСТЬ ҰЛЫТАУ,к тому же кварталу прошлого года,2024,3,106.5
ОБЛАСТЬ ҰЛЫТАУ,к тому же кварталу прошлого года,2024,4,107.2
ПАВЛОДАРСКАЯ ОБЛАСТЬ,к предыдущему кварталу,2020,1,102.4
ПАВЛОДАРСКАЯ ОБЛАСТЬ,к предыдущему кварталу,2020,2,102.1
ПАВЛОДАРСКАЯ ОБЛАСТЬ,к предыдущему кварталу,2020,3,100.6
ПАВЛОДАРСКАЯ ОБЛАСТЬ,к предыдущему кварталу,2020,4,102.3
ПАВЛОДАРСКАЯ ОБЛАСТЬ,к предыдущему кварталу,2021,1,102.0
ПАВЛОДАРСКАЯ ОБЛАСТЬ,к предыдущему кварталу,2021,2,102.3
ПАВЛОДАРСКАЯ ОБЛАСТЬ,к предыдущему кварталу,2021,3,102.1
ПАВЛОДАРСКАЯ ОБЛАСТЬ,к предыдущему кварталу,2021,4,101.9
ПАВЛОДАРСКАЯ ОБЛАСТЬ,к предыдущему кварталу,2022,1,102.8
ПАВЛОДАРСКАЯ ОБЛАСТЬ,к предыдущему кварталу,2022,2,105.9
ПАВЛОДАРСКАЯ ОБЛАСТЬ,к предыдущему кварталу,2022,3,104.5
ПАВЛОДАРСКАЯ ОБЛАСТЬ,к предыдущему кварталу,2022,4,104.7
ПАВЛОДАРСКАЯ ОБЛАСТЬ,к предыдущему кварталу,2023,1,103.9
ПАВЛОДАРСКАЯ ОБЛАСТЬ,к предыдущему кварталу,2023,2,102.4
ПАВЛОДАРСКАЯ ОБЛАСТЬ,к предыдущему кварталу,2023,3,100.9
ПАВЛОДАРСКАЯ ОБЛАСТЬ,к предыдущему кварталу,2023,4,102.6
ПАВЛОДАРСКАЯ ОБЛАСТЬ,к предыдущему кварталу,2024,1,102.9
ПАВЛОДАРСКАЯ ОБЛАСТЬ,к предыдущему кварталу,2024,2,102.3
ПАВЛОДАРСКАЯ ОБЛАСТЬ,к предыдущему кварталу,2024,3,101.3
ПАВЛОДАРСКАЯ ОБЛАСТЬ,к предыдущему кварталу,2024,4,101.3
ПАВЛОДАРСКАЯ ОБЛАСТЬ,к тому же кварталу прошлого года,2020,1,106.1
ПАВЛОДАРСКАЯ ОБЛАСТЬ,к тому же кварталу прошлого года,2020,2,107.2
ПАВЛОДАРСКАЯ ОБЛАСТЬ,к тому же кварталу прошлого года,2020,3,107.0
ПАВЛОДАРСКАЯ ОБЛАСТЬ,к тому же кварталу прошлого года,2020,4,107.7
ПАВЛОДАРСКАЯ ОБЛАСТЬ,к тому же кварталу прошлого года,2021,1,107.3
ПАВЛОДАРСКАЯ ОБЛАСТЬ,к тому же кварталу прошлого года,2021,2,107.5
ПАВЛОДАРСКАЯ ОБЛАСТЬ,к тому же кварталу прошлого года,2021,3,109.1
ПАВЛОДАРСКАЯ ОБЛАСТЬ,к тому же кварталу прошлого года,2021,4,108.6
ПАВЛОДАРСКАЯ ОБЛАСТЬ,к тому же кварталу прошлого года,2022,1,109.5
ПАВЛОДАРСКАЯ ОБЛАСТЬ,к тому же кварталу прошлого года,2022,2,113.3
ПАВЛОДАРСКАЯ ОБЛАСТЬ,к тому же кварталу прошлого года,2022,3,115.9
ПАВЛОДАРСКАЯ ОБЛАСТЬ,к тому же кварталу прошлого года,2022,4,119.1
ПАВЛОДАРСКАЯ ОБЛАСТЬ,к тому же кварталу прошлого года,2023,1,120.3
ПАВЛОДАРСКАЯ ОБЛАСТЬ,к тому же кварталу прошлого года,2023,2,116.3
ПАВЛОДАРСКАЯ ОБЛАСТЬ,к тому же кварталу прошлого года,2023,3,112.3
ПАВЛОДАРСКАЯ ОБЛАСТЬ,к тому же кварталу прошлого года,2023,4,110.1
ПАВЛОДАРСКАЯ ОБЛАСТЬ,к тому же кварталу прошлого года,2024,1,109.1
ПАВЛОДАРСКАЯ ОБЛАСТЬ,к тому же кварталу прошлого года,2024,2,109.0
ПАВЛОДАРСКАЯ ОБЛАСТЬ,к тому же кварталу прошлого года,2024,3,109.4
ПАВЛОДАРСКАЯ ОБЛАСТЬ,к тому же кварталу прошлого года,2024,4,108.0
РЕСПУБЛИКА КАЗАХСТАН,к предыдущему кварталу,2020,1,102.2
РЕСПУБЛИКА КАЗАХСТАН,к предыдущему кварталу,2020,2,102.2
РЕСПУБЛИКА КАЗАХСТАН,к предыдущему кварталу,2020,3,100.9
РЕСПУБЛИКА КАЗАХСТАН,к предыдущему кварталу,2020,4,101.8
РЕСПУБЛИКА КАЗАХСТАН,к предыдущему кварталу,2021,1,102.1
РЕСПУБЛИКА КАЗАХСТАН,к предыдущему кварталу,2021,2,102.3
РЕСПУБЛИКА КАЗАХСТАН,к предыдущему кварталу,2021,3,102.1
РЕСПУБЛИКА КАЗАХСТАН,к предыдущему кварталу,2021,4,101.8
РЕСПУБЛИКА КАЗАХСТАН,к предыдущему кварталу,2022,1,103.1
РЕСПУБЛИКА КАЗАХСТАН,к предыдущему кварталу,2022,2,106.2
РЕСПУБЛИКА КАЗАХСТАН,к предыдущему кварталу,2022,3,104.2
РЕСПУБЛИКА КАЗАХСТАН,к предыдущему кварталу,2022,4,104.7
РЕСПУБЛИКА КАЗАХСТАН,к предыдущему кварталу,2023,1,103.5
РЕСПУБЛИКА КАЗАХСТАН,к предыдущему кварталу,2023,2,102.5
РЕСПУБЛИКА КАЗАХСТАН,к предыдущему кварталу,2023,3,101.7
РЕСПУБЛИКА КАЗАХСТАН,к предыдущему кварталу,2023,4,102.2
РЕСПУБЛИКА КАЗАХСТАН,к предыдущему кварталу,2024,1,102.6
РЕСПУБЛИКА КАЗАХСТАН,к предыдущему кварталу,2024,2,101.7
РЕСПУБЛИКА КАЗАХСТАН,к предыдущему кварталу,2024,3,101.6
РЕСПУБЛИКА КАЗАХСТАН,к предыдущему кварталу,2024,4,102.3
РЕСПУБЛИКА КАЗАХСТАН,к тому же кварталу прошлого года,2020,1,106.0
РЕСПУБЛИКА КАЗАХСТАН,к тому же кварталу прошлого года,2020,2,106.8
РЕСПУБЛИКА КАЗАХСТАН,к тому же кварталу прошлого года,2020,3,107.0
РЕСПУБЛИКА КАЗАХСТАН,к тому же кварталу прошлого года,2020,4,107.3
РЕСПУБЛИКА КАЗАХСТАН,к тому же кварталу прошлого года,2021,1,107.3
РЕСПУБЛИКА КАЗАХСТАН,к тому же кварталу прошлого года,2021,2,107.4
РЕСПУБЛИКА КАЗАХСТАН,к тому же кварталу прошлого года,2021,3,108.7
РЕСПУБЛИКА КАЗАХСТАН,к тому же кварталу прошлого года,2021,4,108.7
РЕСПУБЛИКА КАЗАХСТАН,к тому же кварталу прошлого года,2022,1,109.8
РЕСПУБЛИКА КАЗАХСТАН,к тому же кварталу прошлого года,2022,2,113.9
РЕСПУБЛИКА КАЗАХСТАН,к тому же кварталу прошлого года,2022,3,116.3
РЕСПУБЛИКА КАЗАХСТАН,к тому же кварталу прошлого года,2022,4,119.6
РЕСПУБЛИКА КАЗАХСТАН,к тому же кварталу прошлого года,2023,1,120.0
РЕСПУБЛИКА КАЗАХСТАН,к тому же кварталу прошлого года,2023,2,115.7
РЕСПУБЛИКА КАЗАХСТАН,к тому же кварталу прошлого года,2023,3,112.9
РЕСПУБЛИКА КАЗАХСТАН,к тому же кварталу прошлого года,2023,4,110.3
РЕСПУБЛИКА КАЗАХСТАН,к тому же кварталу прошлого года,2024,1,109.3
РЕСПУБЛИКА КАЗАХСТАН,к тому же кварталу прошлого года,2024,2,108.5
РЕСПУБЛИКА КАЗАХСТАН,к тому же кварталу прошлого года,2024,3,108.4
РЕСПУБЛИКА КАЗАХСТАН,к тому же кварталу прошлого года,2024,4,108.5
СЕВЕРО-КАЗАХСТАНСКАЯ ОБЛАСТЬ,к предыдущему кварталу,2020,1,101.9
СЕВЕРО-КАЗАХСТАНСКАЯ ОБЛАСТЬ,к предыдущему кварталу,2020,2,102.3
СЕВЕРО-КАЗАХСТАНСКАЯ ОБЛАСТЬ,к предыдущему кварталу,2020,3,101.1
СЕВЕРО-КАЗАХСТАНСКАЯ ОБЛАСТЬ,к предыдущему кварталу,2020,4,101.6
СЕВЕРО-КАЗАХСТАНСКАЯ ОБЛАСТЬ,к предыдущему кварталу,2021,1,102.1
СЕВЕРО-КАЗАХСТАНСКАЯ ОБЛАСТЬ,к предыдущему кварталу,2021,2,102.3
СЕВЕРО-КАЗАХСТАНСКАЯ ОБЛАСТЬ,к предыдущему кварталу,2021,3,102.0
СЕВЕРО-КАЗАХСТАНСКАЯ ОБЛАСТЬ,к предыдущему кварталу,2021,4,102.0
СЕВЕРО-КАЗАХСТАНСКАЯ ОБЛАСТЬ,к предыдущему кварталу,2022,1,103.0
СЕВЕРО-КАЗАХСТАНСКАЯ ОБЛАСТЬ,к предыдущему кварталу,2022,2,106.0
СЕВЕРО-КАЗАХСТАНСКАЯ ОБЛАСТЬ,к предыдущему кварталу,2022,3,104.6
СЕВЕРО-КАЗАХСТАНСКАЯ ОБЛАСТЬ,к предыдущему кварталу,2022,4,104.8
СЕВЕРО-КАЗАХСТАНСКАЯ ОБЛАСТЬ,к предыдущему кварталу,2023,1,104.1
СЕВЕРО-КАЗАХСТАНСКАЯ ОБЛАСТЬ,к предыдущему кварталу,2023,2,102.6
СЕВЕРО-КАЗАХСТАНСКАЯ ОБЛАСТЬ,к предыдущему кварталу,2023,3,101.9
СЕВЕРО-КАЗАХСТАНСКАЯ ОБЛАСТЬ,к предыдущему кварталу,2023,4,102.2
СЕВЕРО-КАЗАХСТАНСКАЯ ОБЛАСТЬ,к предыдущему кварталу,2024,1,102.5
СЕВЕРО-КАЗАХСТАНСКАЯ ОБЛАСТЬ,к предыдущему кварталу,2024,2,102.3
СЕВЕРО-КАЗАХСТАНСКАЯ ОБЛАСТЬ,к предыдущему кварталу,2024,3,101.7
СЕВЕРО-КАЗАХСТАНСКАЯ ОБЛАСТЬ,к предыдущему кварталу,2024,4,102.5
СЕВЕРО-КАЗАХСТАНСКАЯ ОБЛАСТЬ,к тому же кварталу прошлого года,2020,1,105.7
СЕВЕРО-КАЗАХСТАНСКАЯ ОБЛАСТЬ,к тому же кварталу прошлого года,2020,2,106.7
СЕВЕРО-КАЗАХСТАНСКАЯ ОБЛАСТЬ,к тому же кварталу прошлого года,2020,3,107.0
СЕВЕРО-КАЗАХСТАНСКАЯ ОБЛАСТЬ,к тому же кварталу прошлого года,2020,4,107.1
СЕВЕРО-КАЗАХСТАНСКАЯ ОБЛАСТЬ,к тому же кварталу прошлого года,2021,1,107.3
СЕВЕРО-КАЗАХСТАНСКАЯ ОБЛАСТЬ,к тому же кварталу прошлого года,2021,2,107.4
СЕВЕРО-КАЗАХСТАНСКАЯ ОБЛАСТЬ,к тому же кварталу прошлого года,2021,3,108.2
СЕВЕРО-КАЗАХСТАНСКАЯ ОБЛАСТЬ,к тому же кварталу прошлого года,2021,4,108.6
СЕВЕРО-КАЗАХСТАНСКАЯ ОБЛАСТЬ,к тому же кварталу прошлого года,2022,1,109.5
СЕВЕРО-КАЗАХСТАНСКАЯ ОБЛАСТЬ,к тому же кварталу прошлого года,2022,2,113.4
СЕВЕРО-КАЗАХСТАНСКАЯ ОБЛАСТЬ,к тому же кварталу прошлого года,2022,3,116.4
СЕВЕРО-КАЗАХСТАНСКАЯ ОБЛАСТЬ,к тому же кварталу прошлого года,2022,4,119.6
СЕВЕРО-КАЗАХСТАНСКАЯ ОБЛАСТЬ,к тому же кварталу прошлого года,2023,1,120.8
СЕВЕРО-КАЗАХСТАНСКАЯ ОБЛАСТЬ,к тому же кварталу прошлого года,2023,2,117.0
СЕВЕРО-КАЗАХСТАНСКАЯ ОБЛАСТЬ,к тому же кварталу прошлого года,2023,3,114.0
СЕВЕРО-КАЗАХСТАНСКАЯ ОБЛАСТЬ,к тому же кварталу прошлого года,2023,4,111.2
СЕВЕРО-КАЗАХСТАНСКАЯ ОБЛАСТЬ,к тому же кварталу прошлого года,2024,1,109.5
СЕВЕРО-КАЗАХСТАНСКАЯ ОБЛАСТЬ,к тому же кварталу прошлого года,2024,2,109.2
СЕВЕРО-КАЗАХСТАНСКАЯ ОБЛАСТЬ,к тому же кварталу прошлого года,2024,3,109.0
СЕВЕРО-КАЗАХСТАНСКАЯ ОБЛАСТЬ,к тому же кварталу прошлого года,2024,4,109.2
ТУРКЕСТАНСКАЯ ОБЛАСТЬ,к предыдущему кварталу,2020,1,102.6
ТУРКЕСТАНСКАЯ ОБЛАСТЬ,к предыдущему кварталу,2020,2,102.2
ТУРКЕСТАНСКАЯ ОБЛАСТЬ,к предыдущему кварталу,2020,3,100.8
ТУРКЕСТАНСКАЯ ОБЛАСТЬ,к предыдущему кварталу,2020,4,102.0
ТУРКЕСТАНСКАЯ ОБЛАСТЬ,к предыдущему кварталу,2021,1,102.2
ТУРКЕСТАНСКАЯ ОБЛАСТЬ,к предыдущему кварталу,2021,2,102.3
ТУРКЕСТАНСКАЯ ОБЛАСТЬ,к предыдущему кварталу,2021,3,102.3
ТУРКЕСТАНСКАЯ ОБЛАСТЬ,к предыдущему кварталу,2021,4,101.8
ТУРКЕСТАНСКАЯ ОБЛАСТЬ,к предыдущему кварталу,2022,1,103.3
ТУРКЕСТАНСКАЯ ОБЛАСТЬ,к предыдущему кварталу,2022,2,107.3
ТУРКЕСТАНСКАЯ ОБЛАСТЬ,к предыдущему кварталу,2022,3,103.2
ТУРКЕСТАНСКАЯ ОБЛАСТЬ,к предыдущему кварталу,2022,4,104.2
ТУРКЕСТАНСКАЯ ОБЛАСТЬ,к предыдущему кварталу,2023,1,104.2
ТУРКЕСТАНСКАЯ ОБЛАСТЬ,к предыдущему кварталу,2023,2,102.9
ТУРКЕСТАНСКАЯ ОБЛАСТЬ,к предыдущему кварталу,2023,3,101.2
ТУРКЕСТАНСКАЯ ОБЛАСТЬ,к предыдущему кварталу,2023,4,102.2
ТУРКЕСТАНСКАЯ ОБЛАСТЬ,к предыдущему кварталу,2024,1,102.3
ТУРКЕСТАНСКАЯ ОБЛАСТЬ,к предыдущему кварталу,2024,2,100.9
ТУРКЕСТАНСКАЯ ОБЛАСТЬ,к предыдущему кварталу,2024,3,101.8
ТУРКЕСТАНСКАЯ ОБЛАСТЬ,к предыдущему кварталу,2024,4,102.4
ТУРКЕСТАНСКАЯ ОБЛАСТЬ,к тому же кварталу прошлого года,2020,1,106.4
ТУРКЕСТАНСКАЯ ОБЛАСТЬ,к тому же кварталу прошлого года,2020,2,106.8
ТУРКЕСТАНСКАЯ ОБЛАСТЬ,к тому же кварталу прошлого года,2020,3,106.8
ТУРКЕСТАНСКАЯ ОБЛАСТЬ,к тому же кварталу прошлого года,2020,4,107.8
ТУРКЕСТАНСКАЯ ОБЛАСТЬ,к тому же кварталу прошлого года,2021,1,107.3
ТУРКЕСТАНСКАЯ ОБЛАСТЬ,к тому же кварталу прошлого года,2021,2,107.5
ТУРКЕСТАНСКАЯ ОБЛАСТЬ,к тому же кварталу прошлого года,2021,3,109.2
ТУРКЕСТАНСКАЯ ОБЛАСТЬ,к тому же кварталу прошлого года,2021,4,109.0
ТУРКЕСТАНСКАЯ ОБЛАСТЬ,к тому же кварталу прошлого года,2022,1,110.2
ТУРКЕСТАНСКАЯ ОБЛАСТЬ,к тому же кварталу прошлого года,2022,2,115.5
ТУРКЕСТАНСКАЯ ОБЛАСТЬ,к тому же кварталу прошлого года,2022,3,116.4
ТУРКЕСТАНСКАЯ ОБЛАСТЬ,к тому же кварталу прошлого года,2022,4,119.1
ТУРКЕСТАНСКАЯ ОБЛАСТЬ,к тому же кварталу прошлого года,2023,1,120.1
ТУРКЕСТАНСКАЯ ОБЛАСТЬ,к тому же кварталу прошлого года,2023,2,115.1
ТУРКЕСТАНСКАЯ ОБЛАСТЬ,к тому же кварталу прошлого года,2023,3,112.9
ТУРКЕСТАНСКАЯ ОБЛАСТЬ,к тому же кварталу прошлого года,2023,4,110.8
ТУРКЕСТАНСКАЯ ОБЛАСТЬ,к тому же кварталу прошлого года,2024,1,108.8
ТУРКЕСТАНСКАЯ ОБЛАСТЬ,к тому же кварталу прошлого года,2024,2,106.7
ТУРКЕСТАНСКАЯ ОБЛАСТЬ,к тому же кварталу прошлого года,2024,3,107.4
ТУРКЕСТАНСКАЯ ОБЛАСТЬ,к тому же кварталу прошлого года,2024,4,107.6
