year,TE,region,population,health_exp_pc,doctors_per10k,nurses_per10k,beds_per10k,health_exp_med_pc,hospital_exp_pc,primary_exp_pc
2021,11,Акмолинская,735566,149190.57705222917,26.11594336877996,89.14223876579396,80.04720174668215,NA,NA,NA
2021,15,Актюбинская,894333,118726.37149697037,45.96721802728961,90.6597430710932,58.300431718386776,NA,NA,NA
2021,19,Алматинская,2077967,93259.17062205511,25.39020109559006,83.20632618323583,59.61114878147728,NA,NA,NA
2021,23,Атырауская,657110,114586.63389691223,31.37982986105827,95.08301502031622,61.6030801540077,NA,NA,NA
2021,27,Западно-Казахстанская,661316,157278.38733676486,33.50894277470982,108.97967083814696,69.31633288775714,NA,NA,NA
2021,31,Жамбылская,1139192,108726.724731213,29.8018244510144,106.25952429441217,57.03165050316365,NA,NA,NA
2021,35,Карагандинская,1375938,139782.26925922534,46.673614654148665,101.98860704479416,94.28477155220656,NA,NA,NA
2021,39,Костанайская,864550,124554.84471690474,28.477242496096235,80.94384361806719,76.36342605979989,NA,NA,NA
2021,43,Кызылординская,814588,116800.810962106,35.10977328416328,131.6125452375925,66.88043526297957,NA,NA,NA
2021,47,Мангистауская,719571,102893.81450892267,34.65954019825702,104.47891868905224,49.66848302669229,NA,NA,NA
2021,55,Павлодарская,751012,164907.48616533424,40.17246062646136,94.63230947042125,82.54195671973284,NA,NA,NA
2021,59,Северо-Казахстанская,543735,146304.29161264218,30.60314307521127,105.06956513742907,85.90581809153355,NA,NA,NA
2021,61,Туркестанская,2044742,76000.82308672683,29.61742850687275,99.2399041052612,54.774636604520275,NA,NA,NA
2021,63,Восточно-Казахстанская,1363797,131506.40967827322,43.65752381036181,112.1647869880928,81.3390849224628,NA,NA,NA
2021,71,г. Астана,1184411,304683.7660237874,79.94691032082612,110.4177519459039,69.08074984106024,NA,NA,NA
2021,75,г. Алматы,1977258,227189.65001026675,70.21845404089906,101.08443106564748,56.18386674880061,NA,NA,NA
2021,79,г. Шымкент,1074466,148769.5943845594,46.199693615247014,98.10454681674432,49.9317800656326,NA,NA,NA
2022,10,Абай,611888,129066.1722406715,44.15840807468033,113.02722066783464,58.71989645163821,119871.50753078995,73077.94890568209,28433.27210208404
2022,11,Акмолинская,785708,129854.63174614488,24.029283143356057,81.93883732888044,64.66779006959328,120719.74321249116,85407.8232625861,12357.296858374866
2022,15,Актюбинская,916750,118196.70466321244,49.42459776383965,103.87782928824653,44.17780201799836,114382.20125443142,62583.2266157622,10502.228524679575
2022,19,Алматинская,1478496,80471.80648442742,23.40892366296561,72.31673267969613,36.9361837975889,77759.99191069845,58093.03576066489,15082.946453693483
2022,23,Атырауская,681241,117358.38565206733,30.136177945837083,92.2287413705282,58.39343198662441,114086.65068602741,65964.5705411154,10450.372188403224
2022,27,Западно-Казахстанская,683327,144901.42347660783,32.78079162684922,105.33756166520568,57.49809388477259,136742.61810231413,92849.08396711969,22493.668477902967
2022,31,Жамбылская,1209665,105542.73207871601,29.041098155274398,103.08639168695466,50.55118565883943,96408.41968644211,69619.20945055036,11764.196699086111
2022,33,Жетісу,698757,118100.60578999566,24.271670981471384,94.68241463055111,58.84735322866175,108260.34944909318,63671.83155231361,23338.855997149225
2022,35,Карагандинская,1134966,162954.67617532154,50.283444614199894,103.0427343197946,75.33265313674595,148645.511847932,83563.93143054505,11290.161996042172
2022,39,Костанайская,835686,137236.75638936154,29.365096459675048,81.56173491000209,64.7731324923476,126871.06640532448,76730.26471665195,28634.728833557103
2022,43,Кызылординская,823251,132461.7060896373,35.129018974771974,131.8431438285529,61.00205162216626,126052.27324351868,79175.82608463276,23176.519676259122
2022,47,Мангистауская,745909,117928.68164883384,32.966487869163664,102.27789180717754,45.716032384647455,115079.19866900654,83168.2349991755,17596.795319536297
2022,55,Павлодарская,756511,152209.40475419394,39.68217249980503,93.56109825237175,59.9462532600319,143993.45812552626,80816.67814479895,43717.91817964312
2022,59,Северо-Казахстанская,539111,144624.32226387516,31.68178723862062,102.8359651351948,70.87594206016944,133941.2607051238,93731.94759520766,21006.02473331095
2022,61,Туркестанская,2088510,80819.68388947145,29.810726307271693,100.77998190097246,48.915255373448055,78103.9396507558,64272.95200884841,1192.8537569846446
2022,62,Ұлытау,220913,114037.2680648038,26.164146066551087,97.45918076346798,50.608157962636874,109297.60131816598,72983.99369887693,25553.774562836952
2022,63,Восточно-Казахстанская,732966,171110.7854934608,42.716851804858614,112.41994853785852,67.2063915652295,155739.03155125887,97550.61353459778,24613.99300922553
2022,71,г. Астана,1295711,311651.5990062599,76.6914844436761,104.68383767676589,47.57233673249667,305476.3268969701,155140.29285851552,61779.57044433519
2022,75,г. Алматы,2101485,242387.07913689606,65.94860301167984,93.5481338196561,46.77644617972529,236268.45873275326,109298.98333797291,54915.56018720096
2022,79,г. Шымкент,1162308,135071.41738678562,44.94505759230772,93.65847950801337,37.55458966126018,130411.215443755,74866.12412544695,20856.19646427625
2023,10,Абай,610198,164760.57935293135,44.42820199345131,111.25896840042084,63.15163274871435,152289.00783024527,96034.99028184294,33022.67788488327
2023,11,Акмолинская,788013,145000.02664930656,26.30667260565498,80.50628606380859,61.16650359829089,133880.6466390783,95572.05655236653,13435.554997189132
2023,15,Актюбинская,928159,138405.70634988186,48.967903128666535,102.49321506336737,47.43799284389851,133317.35726314134,75007.66140284154,11397.989999558265
2023,19,Алматинская,1505896,97151.34112847102,23.766581490355243,70.54936064641915,39.19925413175943,93768.91498483295,64185.267110079316,16791.74723885315
2023,23,Атырауская,693079,144081.64870094173,30.342861347696292,91.53357698040195,38.898884542743325,139989.66207315473,84016.07753228709,12884.319103594251
2023,27,Западно-Казахстанская,688127,163544.03620261958,33.133418685794915,103.73085200842286,54.84452724569737,153950.27807366953,108194.82595509259,20556.841978297613
2023,31,Жамбылская,1218158,117894.9069004185,29.15877907463564,101.57138893312691,58.96607829197854,111278.42939914198,78057.69366535376,15379.59689958117
2023,33,Жетісу,698726,132239.63900012308,26.061718041120553,96.11779152342979,61.81249874772085,120360.21273002579,81414.77345912418,28367.169677384267
2023,35,Карагандинская,1134855,177430.7889554172,50.543902084407264,99.77486110560379,65.0920161606549,162808.99938758695,93159.17187658335,10674.657995955431
2023,39,Костанайская,832234,156507.73460348893,30.448167222199523,81.70778891513685,57.892371616636666,144232.63288930757,87322.47781273055,32180.8349574759
2023,43,Кызылординская,833666,169133.63265384457,35.733735092950894,134.80218696696278,60.34790911468142,161938.55332951085,100861.47929746445,24204.53514956829
2023,47,Мангистауская,767106,136178.88140622026,31.95125575865656,96.85753989670268,45.534776158705576,132336.30293596972,97309.75640915336,16977.75926664633
2023,55,Павлодарская,754944,175591.3802878094,40.82422007460156,93.70231434384537,56.1061482706002,166001.04511063072,93155.04858638521,45506.0507799254
2023,59,Северо-Казахстанская,534104,170044.39023111603,32.484310171801745,101.6468702724563,65.43669397720295,156468.01559246887,110614.18188218024,22300.15689828198
2023,61,Туркестанская,2119226,93892.91184611741,30.832011309789518,99.86193072376423,48.881053743206245,90669.28680565451,73042.8647062654,2218.1348284703945
2023,62,Ұлытау,221421,141591.64668211236,29.626819497698957,104.86810194155026,51.53079427877211,135855.30731050804,87822.28876213187,26828.607042692427
2023,63,Восточно-Казахстанская,730238,185971.99953987604,41.37007386632852,107.10206809286835,54.28367189875082,168257.49824029973,107091.18944782385,27791.50906964579
2023,71,г. Астана,1354556,339213.4906198046,75.79605420521558,101.83410652641899,59.03779541045184,333060.0049019753,164209.33649107162,61446.662965576914
2023,75,г. Алматы,2161902,272778.4358402925,65.94193446326429,89.51839630103491,60.29093825714579,261917.01288957594,113503.86326484734,61626.47844351872
2023,79,г. Шымкент,1192199,160978.04393394056,45.042815838630965,92.73619588676051,37.25384772173101,155802.80137795786,88303.61709748121,24102.721106124063
2024,10,Абай,607589,180089.37456076394,45.21148342053592,109.35023510958888,63.381660958312274,163136.47383346307,104170.07549511264,29611.61903852769
2024,11,Акмолинская,787976,152486.33460917592,26.422124531711628,79.24099211143486,58.77082550737586,139681.7910697788,97717.27819121395,13683.735291430196
2024,15,Актюбинская,939405,151309.48525928648,48.136852582219596,102.16041004678495,46.43364682964217,143603.29357412405,77851.46236181413,13619.454867708815
2024,19,Алматинская,1531167,106801.7838681215,25.425051610960793,72.00390290543096,39.37519552080211,102621.62128624768,70518.75530232822,17367.202271208822
2024,23,Атырауская,704074,150387.5714768618,31.402949121825262,89.52184003386007,37.68069833568631,145454.94649710116,81255.44047926781,12042.248400026134
2024,27,Западно-Казахстанская,693261,175976.2369439504,33.190962711013604,103.02036318212043,51.17841620976804,166139.6386065277,112372.12680361365,24838.244182205548
2024,31,Жамбылская,1222593,125448.08125026072,29.895476254158172,101.79184732776976,52.339576621165016,117666.48344952082,83220.31452821994,16364.50151440422
2024,33,Жетісу,697987,148196.21425613944,25.97469580379004,94.61494268517895,63.59717301325096,134045.36903982452,88923.1217773397,30322.037516458044
2024,35,Карагандинская,1135351,194331.1892093282,51.09433118040148,98.05778125002752,63.46935881502725,178192.9649949663,105334.53971503086,11880.675667701002
2024,39,Костанайская,829984,166537.75855920115,30.55480587577592,79.12200717122259,56.133612214211354,152703.5087423372,95456.69434591511,30323.947208620888
2024,43,Кызылординская,841929,172895.5719544047,36.46388234637362,134.76195736220038,61.33533825298807,165049.53505580637,108644.76814553246,29337.28259746368
2024,47,Мангистауская,786837,146628.32835771577,33.15807467111994,100.4528256805412,44.88858556473578,142289.73980633853,103641.36663629189,16153.518454266894
2024,55,Павлодарская,753933,203694.6492592843,42.23186941014653,91.69249787447957,54.845722365249955,193008.62941401955,102581.2903799144,64921.74105656603
2024,59,Северо-Казахстанская,530089,189206.06351008982,32.16441012735597,98.66267739945556,64.42314403807663,173331.61223869954,124916.96865997974,22585.14136305413
2024,61,Туркестанская,2142172,104864.02025607655,31.77149173829179,101.06564738965871,48.88963164489126,101379.3005416932,80447.47947410385,2906.026686932702
2024,62,Ұлытау,221582,151218.46991181595,31.726403769259235,108.26691698784197,57.99207516856062,144364.92133837586,95144.26262060998,27404.021987345543
2024,63,Восточно-Казахстанская,727053,198179.4683468743,39.96957580809102,106.0858011726793,51.426787318118485,178637.13236861688,111420.63645979042,28866.440273267563
2024,71,г. Астана,1430117,368401.0021557677,73.7002636847195,95.71244870174958,54.778734886726056,361379.22981126717,173668.4739780032,63972.410648918936
2024,75,г. Алматы,2228677,297089.8618328273,65.8731615213869,89.38038127552804,57.20434140972424,289866.09679195326,126925.48494016854,68182.99421585092
2024,79,г. Шымкент,1222066,179227.11211996732,45.938599060934514,92.1472326371898,39.981473995676176,172819.43119275064,98002.8950973188,31471.55636438621
