var,label,source,codes
year,Год обследования,—,2021–2024
NOMER,Идентификатор домохозяйства (ГГГГ + номер; между годами не связывает),D002,
NOMP,Номер респондента в домохозяйстве (01 — глава),D002,
TE,Код региона (2 знака КАТО),D002,10…79; в 2021 — 17 регионов
region_name,Название региона,по коду TE,
K,Тип населённого пункта (код),D002,"1 город, 2 село"
area,Тип населённого пункта,по коду K,Город / Село
POL,Пол респондента (код),D002,"1 мужской, 2 женский"
sex,Пол респондента,по коду POL,Мужчина / Женщина
age,"Возраст респондента, лет",D002 subject (VOZ),в 2022–2024 встречаются значения < 15 и −1
under15,Флаг: респондент младше 15 лет (артефакт данных; анкета рассчитана на 15+),по age,TRUE / FALSE
quality_state,Q15.2. Удовлетворённость качеством государственной медицины,D002: 2021 subject.GR152; 2022 subject.GR151; 2023 subject.GR14_1; 2024 subject.GR14_1,"1–10 (1–3 не удовлетворён, 4–7 частично, 8–10 удовлетворён), 89 — не применимо / затрудняюсь"
access_state,Q15.3. Удовлетворённость доступностью государственной медицины,D002: 2021 subject.GR153; 2022 subject.GR161; 2023 subject.GR15_1; 2024 subject.GR15_1,"1–10 (1–3 не удовлетворён, 4–7 частично, 8–10 удовлетворён), 89 — не применимо / затрудняюсь"
cost_state,Удовлетворённость стоимостью государственной медицины (только 2021),D002: 2021 subject.GR151,"1–10 (1–3 не удовлетворён, 4–7 частично, 8–10 удовлетворён), 89 — не применимо / затрудняюсь"
quality_private,Удовлетворённость качеством частной медицины,D002: 2021 subject.GR162; 2022 subject.GR152; 2023 subject.GR14_2; 2024 subject.GR14_2,"1–10 (1–3 не удовлетворён, 4–7 частично, 8–10 удовлетворён), 89 — не применимо / затрудняюсь"
access_private,Удовлетворённость доступностью частной медицины,D002: 2021 subject.GR163; 2022 subject.GR162; 2023 subject.GR15_2; 2024 subject.GR15_2,"1–10 (1–3 не удовлетворён, 4–7 частично, 8–10 удовлетворён), 89 — не применимо / затрудняюсь"
cost_private,Удовлетворённость стоимостью частной медицины (только 2021),D002: 2021 subject.GR161,"1–10 (1–3 не удовлетворён, 4–7 частично, 8–10 удовлетворён), 89 — не применимо / затрудняюсь"
svc_con,Качество услуг Госкорпорации «Правительство для граждан» (ЦОН),D002: 2021 subject.GR191; 2022 subject.GR191; 2023 subject.GR18_1; 2024 subject.GR18_1,"1–10 (1–3 не удовлетворён, 4–7 частично, 8–10 удовлетворён), 89 — не применимо / затрудняюсь"
svc_tax,Качество услуг налоговых органов,D002: 2021 subject.GR192; 2022 subject.GR192; 2023 subject.GR18_2; 2024 subject.GR18_2,"1–10 (1–3 не удовлетворён, 4–7 частично, 8–10 удовлетворён), 89 — не применимо / затрудняюсь"
svc_police,Качество услуг полиции,D002: 2021 subject.GR193; 2022 subject.GR193; 2023 subject.GR18_3; 2024 subject.GR18_3,"1–10 (1–3 не удовлетворён, 4–7 частично, 8–10 удовлетворён), 89 — не применимо / затрудняюсь"
svc_ambulance,Качество услуг станций скорой медицинской помощи,D002: 2021 subject.GR194; 2022 subject.GR194; 2023 subject.GR18_4; 2024 subject.GR18_4,"1–10 (1–3 не удовлетворён, 4–7 частично, 8–10 удовлетворён), 89 — не применимо / затрудняюсь"
svc_fire,Качество услуг пожарной службы,D002: 2021 subject.GR195; 2022 subject.GR195; 2023 subject.GR18_5; 2024 subject.GR18_5,"1–10 (1–3 не удовлетворён, 4–7 частично, 8–10 удовлетворён), 89 — не применимо / затрудняюсь"
svc_other_gov,Качество прочих государственных услуг,D002: 2021 subject.GR196; 2022 subject.GR196; 2023 subject.GR18_6; 2024 subject.GR18_6,"1–10 (1–3 не удовлетворён, 4–7 частично, 8–10 удовлетворён), 89 — не применимо / затрудняюсь"
sat_life,Удовлетворённость жизнью в целом,D002: 2021 subject.GR1; 2022 subject.GR1; 2023 subject.GR1; 2024 subject.GR1,"1–10 (1–3 не удовлетворён, 4–7 частично, 8–10 удовлетворён), 89 — не применимо / затрудняюсь"
sat_living,Удовлетворённость условиями жизни,D002: 2021 subject.GR2; 2022 subject.GR2; 2023 subject.GR2; 2024 subject.GR2,"1–10 (1–3 не удовлетворён, 4–7 частично, 8–10 удовлетворён), 89 — не применимо / затрудняюсь"
sat_health,Q3. Удовлетворённость состоянием своего здоровья,D002: 2021 subject.GR3; 2022 subject.GR3; 2023 subject.GR3; 2024 subject.GR3,"1–10 (1–3 не удовлетворён, 4–7 частично, 8–10 удовлетворён), 89 — не применимо / затрудняюсь"
sat_finance,Удовлетворённость своим финансовым положением,D002: 2021 subject.GR4; 2022 subject.GR4; 2023 subject.GR4; 2024 subject.GR4,"1–10 (1–3 не удовлетворён, 4–7 частично, 8–10 удовлетворён), 89 — не применимо / затрудняюсь"
wealth,Q2.1. Самооценка уровня материального обеспечения,D002: 2021 ocenka.GR1; 2022 ocenka.GR1; 2023 subject.GR21; 2024 subject.GR21,"1 малообеспеченные, 2 ниже среднего, 3 средний, 4 несколько выше среднего, 5 относительно состоятельные, 6 высокий"
wealth_change,Q2.2. Изменение благосостояния за последний год,D002: 2021 ocenka.GR2; 2022 ocenka.GR2; 2023 subject.GR23; 2024 subject.GR23,"1 не изменилось, 2 улучшилось, 3 ухудшилось"
expectations,Ожидания: будете ли жить лучше в ближайший год,D002: 2021 ocenka.GR3; 2022 ocenka.GR3; 2023 subject.GR24; 2024 subject.GR24,1–5 (коды по бланку года)
unexpected_expense,Может ли домохозяйство покрыть непредвиденные расходы без займов,D002: 2021 ocenka.GR34; 2022 ocenka.GR35; 2023 ocenka.GR35; 2024 ocenka.GR35,"1 да, 2 нет; в 2021 ещё 3 не актуально (в 2021 без суммы в формулировке, с 2022 — 30–40 тыс. тг)"
unmet,"Q18. Были ли случаи, когда не смогли воспользоваться услугами здравоохранения",D002: 2021 ocenka.GR318; 2022 ocenka.GR319; 2023 ocenka.GR319; 2024 ocenka.GR319,"1 да, 2 нет, 3 нет, не было необходимости"
unmet_reason_1,"Q19. Причина, по которой не смогли воспользоваться медпомощью: самолечение",D002: 2021 ocenka.GR319_1; 2022 ocenka.GR320_1; 2023 ocenka.GR320_1; 2024 ocenka.GR320_1,"1 отмечено, 0 не отмечено, NA — вопрос не задавался (Q18 ≠ 1)"
unmet_reason_2,"Q19. Причина, по которой не смогли воспользоваться медпомощью: решил(а), что и так выздоровлю",D002: 2021 ocenka.GR319_2; 2022 ocenka.GR320_2; 2023 ocenka.GR320_2; 2024 ocenka.GR320_2,"1 отмечено, 0 не отмечено, NA — вопрос не задавался (Q18 ≠ 1)"
unmet_reason_3,"Q19. Причина, по которой не смогли воспользоваться медпомощью: высокая стоимость услуг",D002: 2021 ocenka.GR319_3; 2022 ocenka.GR320_3; 2023 ocenka.GR320_3; 2024 ocenka.GR320_3,"1 отмечено, 0 не отмечено, NA — вопрос не задавался (Q18 ≠ 1)"
unmet_reason_4,"Q19. Причина, по которой не смогли воспользоваться медпомощью: слишком дорогое лекарство",D002: 2021 ocenka.GR319_4; 2022 ocenka.GR320_4; 2023 ocenka.GR320_4; 2024 ocenka.GR320_4,"1 отмечено, 0 не отмечено, NA — вопрос не задавался (Q18 ≠ 1)"
unmet_reason_5,"Q19. Причина, по которой не смогли воспользоваться медпомощью: большие очереди",D002: 2021 ocenka.GR319_5; 2022 ocenka.GR320_5; 2023 ocenka.GR320_5; 2024 ocenka.GR320_5,"1 отмечено, 0 не отмечено, NA — вопрос не задавался (Q18 ≠ 1)"
unmet_reason_6,"Q19. Причина, по которой не смогли воспользоваться медпомощью: отсутствие специалиста",D002: 2021 ocenka.GR319_6; 2022 ocenka.GR320_6; 2023 ocenka.GR320_6; 2024 ocenka.GR320_6,"1 отмечено, 0 не отмечено, NA — вопрос не задавался (Q18 ≠ 1)"
unmet_reason_7,"Q19. Причина, по которой не смогли воспользоваться медпомощью: учреждения далеко / нет возможности доехать",D002: 2021 ocenka.GR319_7; 2022 ocenka.GR320_7; 2023 ocenka.GR320_7; 2024 ocenka.GR320_7,"1 отмечено, 0 не отмечено, NA — вопрос не задавался (Q18 ≠ 1)"
unmet_reason_8,"Q19. Причина, по которой не смогли воспользоваться медпомощью: отсутствие лекарств",D002: 2021 ocenka.GR319_8; 2022 ocenka.GR320_8; 2023 ocenka.GR320_8; 2024 ocenka.GR320_8,"1 отмечено, 0 не отмечено, NA — вопрос не задавался (Q18 ≠ 1)"
unmet_reason_9,"Q19. Причина, по которой не смогли воспользоваться медпомощью: плохое обслуживание / не доверяю",D002: 2021 ocenka.GR319_9; 2022 ocenka.GR320_9; 2023 ocenka.GR320_9; 2024 ocenka.GR320_9,"1 отмечено, 0 не отмечено, NA — вопрос не задавался (Q18 ≠ 1)"
unmet_reason_10,"Q19. Причина, по которой не смогли воспользоваться медпомощью: другие причины",D002: 2021 ocenka.GR319_10; 2022 ocenka.GR320_10; 2023 ocenka.GR320_10; 2024 ocenka.GR320_10,"1 отмечено, 0 не отмечено, NA — вопрос не задавался (Q18 ≠ 1)"
d008_KOL_CHL,Число членов домохозяйства,"D008 kontr_k.csv, KOL_CHL",
d008_RODSTVO,"Отношение к главе домохозяйства: 1 глава, 2 супруг(а), 3 сын/дочь, 4 отец/мать, 5 брат/сестра, 6 дед/бабушка, 7 внук/внучка, 8 другое родство, 9 не родственник","D008 kontr_k.csv, RODSTVO",
d008_POL,Колонка D008 POL,"D008 kontr_k.csv, POL",
d008_ROST,"Рост, см","D008 kontr_k.csv, ROST",
d008_SEM_POL,"Семейное положение (18+): 1 никогда не состоял(а), 2 в браке, 3 вдовец/вдова, 4 разведён(а)","D008 kontr_k.csv, SEM_POL",
d008_UROV,"Образование: 1 дошкольное, 2 начальное, 3 основное среднее, 4 среднее / ТиПО, 5 высшее, 6 послевузовское, 7 нет","D008 kontr_k.csv, UROV",
d008_VR_OTS,Временно отсутствует / присутствует на 1 января (статус + причина),"D008 kontr_k.csv, VR_OTS",
d008_IZM_SOST,Переключатель: состав домохозяйства менялся (0/1),"D008 kontr_k.csv, IZM_SOST",
d008_PR_IZA,Изменение состава в апреле (статус × причина),"D008 kontr_k.csv, PR_IZA",
d008_PR_IZI,Изменение состава в июле (статус × причина),"D008 kontr_k.csv, PR_IZI",
d008_PR_IZO,Изменение состава в октябре (статус × причина),"D008 kontr_k.csv, PR_IZO",
d008_PR_IZYA,Изменение состава в январе (статус × причина),"D008 kontr_k.csv, PR_IZYA",
d008_STATUS,"Статус основной деятельности на 1 января (15+): 1 наёмный, 2 не по найму, 3 безработный, 4 пенсионер, 5 учащийся, 6 домохозяйство/уход, 7 нетрудоспособный, 8 прочие неактивные","D008 kontr_k.csv, STATUS",
d008_STATUSF,11 — работает по найму у физического лица,"D008 kontr_k.csv, STATUSF",
d008_IZM_STATUS,Переключатель: статус менялся в течение года (0/1),"D008 kontr_k.csv, IZM_STATUS",
d008_STATUS1,Статус в 1 квартале (коды как STATUS),"D008 kontr_k.csv, STATUS1",
d008_STATUSF1,"Работа у физлица, 1 квартал","D008 kontr_k.csv, STATUSF1",
d008_STATUS2,Статус во 2 квартале (коды как STATUS),"D008 kontr_k.csv, STATUS2",
d008_STATUSF2,"Работа у физлица, 2 квартал","D008 kontr_k.csv, STATUSF2",
d008_STATUS3,Статус в 3 квартале (коды как STATUS),"D008 kontr_k.csv, STATUS3",
d008_STATUSF3,"Работа у физлица, 3 квартал","D008 kontr_k.csv, STATUSF3",
d008_STATUS4,Статус в 4 квартале (коды как STATUS),"D008 kontr_k.csv, STATUS4",
d008_STATUSF4,"Работа у физлица, 4 квартал","D008 kontr_k.csv, STATUSF4",
d008_ZT,Время на заполнение (не заполнено),"D008 kontr_k.csv, ZT",
d008_GOD_ROJD,Год рождения (нет в 2021),"D008 kontr_k.csv, GOD_ROJD",
d008_MES_ROJD,Месяц рождения (нет в 2021),"D008 kontr_k.csv, MES_ROJD",
d008_FIZ,"Занятия физкультурой (только 2024): 1 самостоятельно, 2 в учебном заведении, 3 профессионально, 4 нет","D008 kontr_k.csv, FIZ",
d008_FIZM,"Где занимается физкультурой (2024): 1 секции/залы, 2 самостоятельно, 3 и то и другое","D008 kontr_k.csv, FIZM",
d008_FIZCH,"Частота занятий физкультурой (2024): 1–7 дней в неделю, 8 от случая к случаю","D008 kontr_k.csv, FIZCH",
d008_FIZMIN,"Средняя длительность занятия, минут (2024)","D008 kontr_k.csv, FIZMIN",
inc_status,Данные о доходе домохозяйства в D004,"D004 kv_vopr11 (+ kv_vopr0, D008)","доход есть / участвовало, доходов нет (доход 0) / отказ во всех кварталах (доходы NA)"
inc_quarters,"Число кварталов года, в которых домохозяйство участвовало в D004",D004 kv_vopr0 (REZ = 1),0–4
inc_hh_size,"Размер домохозяйства, человек",D008 (KOL_CHL),
inc_hh,"Денежный доход домохозяйства, тг в месяц, в среднем за кварталы участия (денежный доход = GR1–GR23 без GR3, GR12, GR14, GR23)","D004 kv_vopr11 (+ kv_vopr0, D008)",
inc_pc,"Денежный доход на члена домохозяйства, тг в месяц (inc_hh / inc_hh_size)","D004 kv_vopr11 (+ kv_vopr0, D008)",
inc_eq,"Эквивалентный денежный доход, тг в месяц (inc_hh / √inc_hh_size, шкала «квадратный корень» ОЭСР)","D004 kv_vopr11 (+ kv_vopr0, D008)",
inc_hh_real,"Денежный доход домохозяйства в ценах 2024 года, тг в месяц (каждый квартал / уровень цен региона)",D004 kv_vopr11 + ИПЦ Талдау 703076,
inc_pc_real,"Доход на члена домохозяйства в ценах 2024 года, тг в месяц",D004 kv_vopr11 + ИПЦ Талдау 703076,
inc_eq_real,"Эквивалентный доход в ценах 2024 года, тг в месяц",D004 kv_vopr11 + ИПЦ Талдау 703076,
inc_eq_real_log,log(inc_eq_real) — основная мера дохода для регрессий,D004 kv_vopr11 + ИПЦ Талдау 703076,NA при нулевом доходе
inc_eq_real_log_region,Среднее inc_eq_real_log по региону и году (уровень региона),D004 kv_vopr11 + ИПЦ Талдау 703076,
inc_eq_real_log_within,inc_eq_real_log − inc_eq_real_log_region (положение относительно своего региона),D004 kv_vopr11 + ИПЦ Талдау 703076,
inc_quintile,Квинтиль эквивалентного дохода inc_eq внутри года,"D004 kv_vopr11 (+ kv_vopr0, D008)",1 — 20% беднейших … 5 — 20% богатейших
inc_share_wage,Доля работы по найму и не по найму (GR1 + GR2) в денежном доходе,"D004 kv_vopr11 (+ kv_vopr0, D008)",0–1; NA при нулевом доходе
inc_share_pension,Доля пенсий (GR4) в денежном доходе,"D004 kv_vopr11 (+ kv_vopr0, D008)",0–1; NA при нулевом доходе
inc_social,"Домохозяйство получает адресную помощь, пособия на детей, ГСП или спецпособия (GR6, GR8–GR10)","D004 kv_vopr11 (+ kv_vopr0, D008)","1 да, 0 нет"
inc_resp,"Личный денежный доход респондента, тг в месяц, в среднем за кварталы участия домохозяйства","D004 kv_vopr11 (+ kv_vopr0, D008)",0 — нет своего дохода
inc_resp_real,"Личный денежный доход респондента в ценах 2024 года, тг в месяц",D004 kv_vopr11 + ИПЦ Талдау 703076,0 — нет своего дохода
inc_resp_any,У респондента есть свой денежный доход,"D004 kv_vopr11 (+ kv_vopr0, D008)","1 да, 0 нет"
inc_GR1,"Доход домохозяйства по виду GR1: работа по найму, тг в месяц, номинальный","D004 kv_vopr11, GR1",
inc_GR2,"Доход домохозяйства по виду GR2: работа не по найму (самозанятость, предпринимательство), тг в месяц, номинальный","D004 kv_vopr11, GR2",
inc_GR3,"Доход домохозяйства по виду GR3: в т. ч. продажа сельхозпродукции (часть GR2, в итог не входит), тг в месяц, номинальный","D004 kv_vopr11, GR3",
inc_GR4,"Доход домохозяйства по виду GR4: пенсии по возрасту, тг в месяц, номинальный","D004 kv_vopr11, GR4",
inc_GR5,"Доход домохозяйства по виду GR5: стипендии, тг в месяц, номинальный","D004 kv_vopr11, GR5",
inc_GR6,"Доход домохозяйства по виду GR6: адресная социальная помощь, тг в месяц, номинальный","D004 kv_vopr11, GR6",
inc_GR7,"Доход домохозяйства по виду GR7: жилищная помощь, тг в месяц, номинальный","D004 kv_vopr11, GR7",
inc_GR8,"Доход домохозяйства по виду GR8: госпособия семьям с детьми, тг в месяц, номинальный","D004 kv_vopr11, GR8",
inc_GR9,"Доход домохозяйства по виду GR9: государственные социальные пособия, тг в месяц, номинальный","D004 kv_vopr11, GR9",
inc_GR10,"Доход домохозяйства по виду GR10: специальные госпособия, тг в месяц, номинальный","D004 kv_vopr11, GR10",
inc_GR11,"Доход домохозяйства по виду GR11: другие трансферты от государства, тг в месяц, номинальный","D004 kv_vopr11, GR11",
inc_GR12,"Доход домохозяйства по виду GR12: соцтрансферты в натуральной форме (в денежный доход не входят), тг в месяц, номинальный","D004 kv_vopr11, GR12",
inc_GR13,"Доход домохозяйства по виду GR13: материальная помощь деньгами, тг в месяц, номинальный","D004 kv_vopr11, GR13",
inc_GR14,"Доход домохозяйства по виду GR14: материальная помощь в натуре (в денежный доход не входит), тг в месяц, номинальный","D004 kv_vopr11, GR14",
inc_GR15,"Доход домохозяйства по виду GR15: прочие трансферты, тг в месяц, номинальный","D004 kv_vopr11, GR15",
inc_GR16,"Доход домохозяйства по виду GR16: алименты, тг в месяц, номинальный","D004 kv_vopr11, GR16",
inc_GR17,"Доход домохозяйства по виду GR17: продажа недвижимости, тг в месяц, номинальный","D004 kv_vopr11, GR17",
inc_GR18,"Доход домохозяйства по виду GR18: продажа имущества, тг в месяц, номинальный","D004 kv_vopr11, GR18",
inc_GR19,"Доход домохозяйства по виду GR19: доход от собственности, тг в месяц, номинальный","D004 kv_vopr11, GR19",
inc_GR20,"Доход домохозяйства по виду GR20: сдача жилья в аренду, тг в месяц, номинальный","D004 kv_vopr11, GR20",
inc_GR21,"Доход домохозяйства по виду GR21: сдача земли и техники в аренду, тг в месяц, номинальный","D004 kv_vopr11, GR21",
inc_GR22,"Доход домохозяйства по виду GR22: прочие денежные поступления, тг в месяц, номинальный","D004 kv_vopr11, GR22",
inc_GR23,"Доход домохозяйства по виду GR23: дотации и льготы (в денежный доход не входят), тг в месяц, номинальный","D004 kv_vopr11, GR23",
reg_region,Название региона в региональном файле,Региональные показатели,
reg_population,"Численность населения региона (Талдау, показатель 703831)",Региональные показатели,
reg_health_exp_pc,"Текущие расходы организаций здравоохранения и социального обслуживания на человека, тг (БНС, ФХД, лист 1.1; все годы)",Региональные показатели,
reg_doctors_per10k,Врачи всех специальностей на 10 000 населения (Талдау 704315 / население),Региональные показатели,
reg_nurses_per10k,Средний медицинский персонал на 10 000 населения (Талдау 704317 / население),Региональные показатели,
reg_beds_per10k,Больничные койки на 10 000 населения (Талдау 704310 / население),Региональные показатели,
reg_health_exp_med_pc,"Текущие расходы организаций здравоохранения (без соцуслуг) на человека, тг (БНС, лист 1.2; 2022–2024)",Региональные показатели,
reg_hospital_exp_pc,"Текущие расходы больничных организаций на человека, тг (БНС, лист 1.3; 2022–2024)",Региональные показатели,
reg_primary_exp_pc,"Текущие расходы общей врачебной практики на человека, тг (БНС, лист 1.4; 2022–2024)",Региональные показатели,
reg_cpi,"Средний за год уровень потребительских цен региона, средний 2024 = 1 (ИПЦ Талдау 703076)",Региональные показатели,
subj_GODO,Исходная колонка subject.csv GODO — негармонизированная колонка — смысл по бланку анкеты года,D002 subject.csv,
subj_TE,Исходная колонка subject.csv TE — негармонизированная колонка — смысл по бланку анкеты года,D002 subject.csv,
subj_K,Исходная колонка subject.csv K — негармонизированная колонка — смысл по бланку анкеты года,D002 subject.csv,
subj_NOMP,Исходная колонка subject.csv NOMP — негармонизированная колонка — смысл по бланку анкеты года,D002 subject.csv,
subj_POL,Исходная колонка subject.csv POL — негармонизированная колонка — смысл по бланку анкеты года,D002 subject.csv,
subj_VOZ,Исходная колонка subject.csv VOZ — негармонизированная колонка — смысл по бланку анкеты года,D002 subject.csv,
subj_GR1,Исходная колонка subject.csv GR1 — в 2021: sat_life; в 2022: sat_life; в 2023: sat_life; в 2024: sat_life,D002 subject.csv,
subj_GR2,Исходная колонка subject.csv GR2 — в 2021: sat_living; в 2022: sat_living; в 2023: sat_living; в 2024: sat_living,D002 subject.csv,
subj_GR3,Исходная колонка subject.csv GR3 — в 2021: sat_health; в 2022: sat_health; в 2023: sat_health; в 2024: sat_health,D002 subject.csv,
subj_GR4,Исходная колонка subject.csv GR4 — в 2021: sat_finance; в 2022: sat_finance; в 2023: sat_finance; в 2024: sat_finance,D002 subject.csv,
subj_GR5,Исходная колонка subject.csv GR5 — негармонизированная колонка — смысл по бланку анкеты года,D002 subject.csv,
subj_GR6,Исходная колонка subject.csv GR6 — негармонизированная колонка — смысл по бланку анкеты года,D002 subject.csv,
subj_GR7,Исходная колонка subject.csv GR7 — негармонизированная колонка — смысл по бланку анкеты года,D002 subject.csv,
subj_GR81,Исходная колонка subject.csv GR81 — негармонизированная колонка — смысл по бланку анкеты года,D002 subject.csv,
subj_GR82,Исходная колонка subject.csv GR82 — негармонизированная колонка — смысл по бланку анкеты года,D002 subject.csv,
subj_GR83,Исходная колонка subject.csv GR83 — негармонизированная колонка — смысл по бланку анкеты года,D002 subject.csv,
subj_GR84,Исходная колонка subject.csv GR84 — негармонизированная колонка — смысл по бланку анкеты года,D002 subject.csv,
subj_GR85,Исходная колонка subject.csv GR85 — негармонизированная колонка — смысл по бланку анкеты года,D002 subject.csv,
subj_GR86,Исходная колонка subject.csv GR86 — негармонизированная колонка — смысл по бланку анкеты года,D002 subject.csv,
subj_GR9,Исходная колонка subject.csv GR9 — негармонизированная колонка — смысл по бланку анкеты года,D002 subject.csv,
subj_GR101,Исходная колонка subject.csv GR101 — негармонизированная колонка — смысл по бланку анкеты года,D002 subject.csv,
subj_GR102,Исходная колонка subject.csv GR102 — негармонизированная колонка — смысл по бланку анкеты года,D002 subject.csv,
subj_GR103,Исходная колонка subject.csv GR103 — негармонизированная колонка — смысл по бланку анкеты года,D002 subject.csv,
subj_GR11,Исходная колонка subject.csv GR11 — негармонизированная колонка — смысл по бланку анкеты года,D002 subject.csv,
subj_GR12,Исходная колонка subject.csv GR12 — негармонизированная колонка — смысл по бланку анкеты года,D002 subject.csv,
subj_GR13,Исходная колонка subject.csv GR13 — негармонизированная колонка — смысл по бланку анкеты года,D002 subject.csv,
subj_GR14,Исходная колонка subject.csv GR14 — негармонизированная колонка — смысл по бланку анкеты года,D002 subject.csv,
subj_GR151,Исходная колонка subject.csv GR151 — в 2021: cost_state; в 2022: quality_state,D002 subject.csv,
subj_GR152,Исходная колонка subject.csv GR152 — в 2021: quality_state; в 2022: quality_private,D002 subject.csv,
subj_GR153,Исходная колонка subject.csv GR153 — в 2021: access_state,D002 subject.csv,
subj_GR161,Исходная колонка subject.csv GR161 — в 2021: cost_private; в 2022: access_state,D002 subject.csv,
subj_GR162,Исходная колонка subject.csv GR162 — в 2021: quality_private; в 2022: access_private,D002 subject.csv,
subj_GR163,Исходная колонка subject.csv GR163 — в 2021: access_private,D002 subject.csv,
subj_GR171,Исходная колонка subject.csv GR171 — негармонизированная колонка — смысл по бланку анкеты года,D002 subject.csv,
subj_GR172,Исходная колонка subject.csv GR172 — негармонизированная колонка — смысл по бланку анкеты года,D002 subject.csv,
subj_GR173,Исходная колонка subject.csv GR173 — негармонизированная колонка — смысл по бланку анкеты года,D002 subject.csv,
subj_GR174,Исходная колонка subject.csv GR174 — негармонизированная колонка — смысл по бланку анкеты года,D002 subject.csv,
subj_GR181,Исходная колонка subject.csv GR181 — негармонизированная колонка — смысл по бланку анкеты года,D002 subject.csv,
subj_GR182,Исходная колонка subject.csv GR182 — негармонизированная колонка — смысл по бланку анкеты года,D002 subject.csv,
subj_GR183,Исходная колонка subject.csv GR183 — негармонизированная колонка — смысл по бланку анкеты года,D002 subject.csv,
subj_GR184,Исходная колонка subject.csv GR184 — негармонизированная колонка — смысл по бланку анкеты года,D002 subject.csv,
subj_GR191,Исходная колонка subject.csv GR191 — в 2021: svc_con; в 2022: svc_con,D002 subject.csv,
subj_GR192,Исходная колонка subject.csv GR192 — в 2021: svc_tax; в 2022: svc_tax,D002 subject.csv,
subj_GR193,Исходная колонка subject.csv GR193 — в 2021: svc_police; в 2022: svc_police,D002 subject.csv,
subj_GR194,Исходная колонка subject.csv GR194 — в 2021: svc_ambulance; в 2022: svc_ambulance,D002 subject.csv,
subj_GR195,Исходная колонка subject.csv GR195 — в 2021: svc_fire; в 2022: svc_fire,D002 subject.csv,
subj_GR196,Исходная колонка subject.csv GR196 — в 2021: svc_other_gov; в 2022: svc_other_gov,D002 subject.csv,
subj_GR201,Исходная колонка subject.csv GR201 — негармонизированная колонка — смысл по бланку анкеты года,D002 subject.csv,
subj_GR202,Исходная колонка subject.csv GR202 — негармонизированная колонка — смысл по бланку анкеты года,D002 subject.csv,
subj_GR21,Исходная колонка subject.csv GR21 — в 2023: wealth; в 2024: wealth,D002 subject.csv,
subj_GR22,Исходная колонка subject.csv GR22 — негармонизированная колонка — смысл по бланку анкеты года,D002 subject.csv,
subj_GR61,Исходная колонка subject.csv GR61 — негармонизированная колонка — смысл по бланку анкеты года,D002 subject.csv,
subj_GR62,Исходная колонка subject.csv GR62 — негармонизированная колонка — смысл по бланку анкеты года,D002 subject.csv,
subj_GR63,Исходная колонка subject.csv GR63 — негармонизированная колонка — смысл по бланку анкеты года,D002 subject.csv,
subj_GR8,Исходная колонка subject.csv GR8 — негармонизированная колонка — смысл по бланку анкеты года,D002 subject.csv,
subj_ZT,Исходная колонка subject.csv ZT — негармонизированная колонка — смысл по бланку анкеты года,D002 subject.csv,
subj_GR6_1,Исходная колонка subject.csv GR6_1 — негармонизированная колонка — смысл по бланку анкеты года,D002 subject.csv,
subj_GR6_2,Исходная колонка subject.csv GR6_2 — негармонизированная колонка — смысл по бланку анкеты года,D002 subject.csv,
subj_GR6_3,Исходная колонка subject.csv GR6_3 — негармонизированная колонка — смысл по бланку анкеты года,D002 subject.csv,
subj_GR9_1,Исходная колонка subject.csv GR9_1 — негармонизированная колонка — смысл по бланку анкеты года,D002 subject.csv,
subj_GR9_2,Исходная колонка subject.csv GR9_2 — негармонизированная колонка — смысл по бланку анкеты года,D002 subject.csv,
subj_GR9_3,Исходная колонка subject.csv GR9_3 — негармонизированная колонка — смысл по бланку анкеты года,D002 subject.csv,
subj_GR10,Исходная колонка subject.csv GR10 — негармонизированная колонка — смысл по бланку анкеты года,D002 subject.csv,
subj_GR14_1,Исходная колонка subject.csv GR14_1 — в 2023: quality_state; в 2024: quality_state,D002 subject.csv,
subj_GR14_2,Исходная колонка subject.csv GR14_2 — в 2023: quality_private; в 2024: quality_private,D002 subject.csv,
subj_GR15_1,Исходная колонка subject.csv GR15_1 — в 2023: access_state; в 2024: access_state,D002 subject.csv,
subj_GR15_2,Исходная колонка subject.csv GR15_2 — в 2023: access_private; в 2024: access_private,D002 subject.csv,
subj_GR16_1,Исходная колонка subject.csv GR16_1 — негармонизированная колонка — смысл по бланку анкеты года,D002 subject.csv,
subj_GR16_2,Исходная колонка subject.csv GR16_2 — негармонизированная колонка — смысл по бланку анкеты года,D002 subject.csv,
subj_GR16_3,Исходная колонка subject.csv GR16_3 — негармонизированная колонка — смысл по бланку анкеты года,D002 subject.csv,
subj_GR16_4,Исходная колонка subject.csv GR16_4 — негармонизированная колонка — смысл по бланку анкеты года,D002 subject.csv,
subj_GR17_1,Исходная колонка subject.csv GR17_1 — негармонизированная колонка — смысл по бланку анкеты года,D002 subject.csv,
subj_GR17_2,Исходная колонка subject.csv GR17_2 — негармонизированная колонка — смысл по бланку анкеты года,D002 subject.csv,
subj_GR17_3,Исходная колонка subject.csv GR17_3 — негармонизированная колонка — смысл по бланку анкеты года,D002 subject.csv,
subj_GR17_4,Исходная колонка subject.csv GR17_4 — негармонизированная колонка — смысл по бланку анкеты года,D002 subject.csv,
subj_GR18_1,Исходная колонка subject.csv GR18_1 — в 2023: svc_con; в 2024: svc_con,D002 subject.csv,
subj_GR18_2,Исходная колонка subject.csv GR18_2 — в 2023: svc_tax; в 2024: svc_tax,D002 subject.csv,
subj_GR18_3,Исходная колонка subject.csv GR18_3 — в 2023: svc_police; в 2024: svc_police,D002 subject.csv,
subj_GR18_4,Исходная колонка subject.csv GR18_4 — в 2023: svc_ambulance; в 2024: svc_ambulance,D002 subject.csv,
subj_GR18_5,Исходная колонка subject.csv GR18_5 — в 2023: svc_fire; в 2024: svc_fire,D002 subject.csv,
subj_GR18_6,Исходная колонка subject.csv GR18_6 — в 2023: svc_other_gov; в 2024: svc_other_gov,D002 subject.csv,
subj_GR19,Исходная колонка subject.csv GR19 — негармонизированная колонка — смысл по бланку анкеты года,D002 subject.csv,
subj_GR22_1,Исходная колонка subject.csv GR22_1 — негармонизированная колонка — смысл по бланку анкеты года,D002 subject.csv,
subj_GR22_2,Исходная колонка subject.csv GR22_2 — негармонизированная колонка — смысл по бланку анкеты года,D002 subject.csv,
subj_GR22_3,Исходная колонка subject.csv GR22_3 — негармонизированная колонка — смысл по бланку анкеты года,D002 subject.csv,
subj_GR22_4,Исходная колонка subject.csv GR22_4 — негармонизированная колонка — смысл по бланку анкеты года,D002 subject.csv,
subj_GR22_5,Исходная колонка subject.csv GR22_5 — негармонизированная колонка — смысл по бланку анкеты года,D002 subject.csv,
subj_GR22_6,Исходная колонка subject.csv GR22_6 — негармонизированная колонка — смысл по бланку анкеты года,D002 subject.csv,
subj_GR22_7,Исходная колонка subject.csv GR22_7 — негармонизированная колонка — смысл по бланку анкеты года,D002 subject.csv,
subj_GR22_8,Исходная колонка subject.csv GR22_8 — негармонизированная колонка — смысл по бланку анкеты года,D002 subject.csv,
subj_GR22_9,Исходная колонка subject.csv GR22_9 — негармонизированная колонка — смысл по бланку анкеты года,D002 subject.csv,
subj_GR22_10,Исходная колонка subject.csv GR22_10 — негармонизированная колонка — смысл по бланку анкеты года,D002 subject.csv,
subj_GR22_11,Исходная колонка subject.csv GR22_11 — негармонизированная колонка — смысл по бланку анкеты года,D002 subject.csv,
subj_GR22_12,Исходная колонка subject.csv GR22_12 — негармонизированная колонка — смысл по бланку анкеты года,D002 subject.csv,
subj_GR22_13,Исходная колонка subject.csv GR22_13 — негармонизированная колонка — смысл по бланку анкеты года,D002 subject.csv,
subj_GR22_14,Исходная колонка subject.csv GR22_14 — негармонизированная колонка — смысл по бланку анкеты года,D002 subject.csv,
subj_GR23,Исходная колонка subject.csv GR23 — в 2023: wealth_change; в 2024: wealth_change,D002 subject.csv,
subj_GR24,Исходная колонка subject.csv GR24 — в 2023: expectations; в 2024: expectations,D002 subject.csv,
subj_GR25,Исходная колонка subject.csv GR25 — негармонизированная колонка — смысл по бланку анкеты года,D002 subject.csv,
subj_GR26,Исходная колонка subject.csv GR26 — негармонизированная колонка — смысл по бланку анкеты года,D002 subject.csv,
subj_GR27,Исходная колонка subject.csv GR27 — негармонизированная колонка — смысл по бланку анкеты года,D002 subject.csv,
subj_GR28_1,Исходная колонка subject.csv GR28_1 — негармонизированная колонка — смысл по бланку анкеты года,D002 subject.csv,
subj_GR28_2,Исходная колонка subject.csv GR28_2 — негармонизированная колонка — смысл по бланку анкеты года,D002 subject.csv,
subj_GR28_3,Исходная колонка subject.csv GR28_3 — негармонизированная колонка — смысл по бланку анкеты года,D002 subject.csv,
subj_GR28_4,Исходная колонка subject.csv GR28_4 — негармонизированная колонка — смысл по бланку анкеты года,D002 subject.csv,
subj_GR28_5,Исходная колонка subject.csv GR28_5 — негармонизированная колонка — смысл по бланку анкеты года,D002 subject.csv,
subj_GR29,Исходная колонка subject.csv GR29 — негармонизированная колонка — смысл по бланку анкеты года,D002 subject.csv,
subj_GR210,Исходная колонка subject.csv GR210 — негармонизированная колонка — смысл по бланку анкеты года,D002 subject.csv,
subj_GR211,Исходная колонка subject.csv GR211 — негармонизированная колонка — смысл по бланку анкеты года,D002 subject.csv,
subj_GR212,Исходная колонка subject.csv GR212 — негармонизированная колонка — смысл по бланку анкеты года,D002 subject.csv,
subj_GR213,Исходная колонка subject.csv GR213 — негармонизированная колонка — смысл по бланку анкеты года,D002 subject.csv,
subj_GR214,Исходная колонка subject.csv GR214 — негармонизированная колонка — смысл по бланку анкеты года,D002 subject.csv,
oc_GODO,Исходная колонка ocenka.csv GODO — негармонизированная колонка — смысл по бланку анкеты года,D002 ocenka.csv,
oc_TE,Исходная колонка ocenka.csv TE — негармонизированная колонка — смысл по бланку анкеты года,D002 ocenka.csv,
oc_K,Исходная колонка ocenka.csv K — негармонизированная колонка — смысл по бланку анкеты года,D002 ocenka.csv,
oc_NOMP,Исходная колонка ocenka.csv NOMP — негармонизированная колонка — смысл по бланку анкеты года,D002 ocenka.csv,
oc_POL,Исходная колонка ocenka.csv POL — негармонизированная колонка — смысл по бланку анкеты года,D002 ocenka.csv,
oc_VOZ,Исходная колонка ocenka.csv VOZ — негармонизированная колонка — смысл по бланку анкеты года,D002 ocenka.csv,
oc_GR1,Исходная колонка ocenka.csv GR1 — в 2021: wealth; в 2022: wealth,D002 ocenka.csv,
oc_GR2,Исходная колонка ocenka.csv GR2 — в 2021: wealth_change; в 2022: wealth_change,D002 ocenka.csv,
oc_GR3,Исходная колонка ocenka.csv GR3 — в 2021: expectations; в 2022: expectations,D002 ocenka.csv,
oc_GR4,Исходная колонка ocenka.csv GR4 — негармонизированная колонка — смысл по бланку анкеты года,D002 ocenka.csv,
oc_GR5,Исходная колонка ocenka.csv GR5 — негармонизированная колонка — смысл по бланку анкеты года,D002 ocenka.csv,
oc_GR6,Исходная колонка ocenka.csv GR6 — негармонизированная колонка — смысл по бланку анкеты года,D002 ocenka.csv,
oc_GR7,Исходная колонка ocenka.csv GR7 — негармонизированная колонка — смысл по бланку анкеты года,D002 ocenka.csv,
oc_GR8,Исходная колонка ocenka.csv GR8 — негармонизированная колонка — смысл по бланку анкеты года,D002 ocenka.csv,
oc_GR9,Исходная колонка ocenka.csv GR9 — негармонизированная колонка — смысл по бланку анкеты года,D002 ocenka.csv,
oc_GR10,Исходная колонка ocenka.csv GR10 — негармонизированная колонка — смысл по бланку анкеты года,D002 ocenka.csv,
oc_GR11,Исходная колонка ocenka.csv GR11 — негармонизированная колонка — смысл по бланку анкеты года,D002 ocenka.csv,
oc_GR31_1,Исходная колонка ocenka.csv GR31_1 — негармонизированная колонка — смысл по бланку анкеты года,D002 ocenka.csv,
oc_GR31_2,Исходная колонка ocenka.csv GR31_2 — негармонизированная колонка — смысл по бланку анкеты года,D002 ocenka.csv,
oc_GR31_3,Исходная колонка ocenka.csv GR31_3 — негармонизированная колонка — смысл по бланку анкеты года,D002 ocenka.csv,
oc_GR32,Исходная колонка ocenka.csv GR32 — негармонизированная колонка — смысл по бланку анкеты года,D002 ocenka.csv,
oc_GR33,Исходная колонка ocenka.csv GR33 — негармонизированная колонка — смысл по бланку анкеты года,D002 ocenka.csv,
oc_GR34,Исходная колонка ocenka.csv GR34 — в 2021: unexpected_expense,D002 ocenka.csv,
oc_GR35,Исходная колонка ocenka.csv GR35 — в 2022: unexpected_expense; в 2023: unexpected_expense; в 2024: unexpected_expense,D002 ocenka.csv,
oc_GR36,Исходная колонка ocenka.csv GR36 — негармонизированная колонка — смысл по бланку анкеты года,D002 ocenka.csv,
oc_GR37,Исходная колонка ocenka.csv GR37 — негармонизированная колонка — смысл по бланку анкеты года,D002 ocenka.csv,
oc_GR38,Исходная колонка ocenka.csv GR38 — негармонизированная колонка — смысл по бланку анкеты года,D002 ocenka.csv,
oc_GR39,Исходная колонка ocenka.csv GR39 — негармонизированная колонка — смысл по бланку анкеты года,D002 ocenka.csv,
oc_GR310,Исходная колонка ocenka.csv GR310 — негармонизированная колонка — смысл по бланку анкеты года,D002 ocenka.csv,
oc_GR311,Исходная колонка ocenka.csv GR311 — негармонизированная колонка — смысл по бланку анкеты года,D002 ocenka.csv,
oc_GR312,Исходная колонка ocenka.csv GR312 — негармонизированная колонка — смысл по бланку анкеты года,D002 ocenka.csv,
oc_GR313,Исходная колонка ocenka.csv GR313 — негармонизированная колонка — смысл по бланку анкеты года,D002 ocenka.csv,
oc_GR314,Исходная колонка ocenka.csv GR314 — негармонизированная колонка — смысл по бланку анкеты года,D002 ocenka.csv,
oc_GR315,Исходная колонка ocenka.csv GR315 — негармонизированная колонка — смысл по бланку анкеты года,D002 ocenka.csv,
oc_GR316,Исходная колонка ocenka.csv GR316 — негармонизированная колонка — смысл по бланку анкеты года,D002 ocenka.csv,
oc_GR317,Исходная колонка ocenka.csv GR317 — негармонизированная колонка — смысл по бланку анкеты года,D002 ocenka.csv,
oc_GR318,Исходная колонка ocenka.csv GR318 — в 2021: unmet,D002 ocenka.csv,
oc_GR319_1,Исходная колонка ocenka.csv GR319_1 — в 2021: unmet_reason_1,D002 ocenka.csv,
oc_GR319_2,Исходная колонка ocenka.csv GR319_2 — в 2021: unmet_reason_2,D002 ocenka.csv,
oc_GR319_3,Исходная колонка ocenka.csv GR319_3 — в 2021: unmet_reason_3,D002 ocenka.csv,
oc_GR319_4,Исходная колонка ocenka.csv GR319_4 — в 2021: unmet_reason_4,D002 ocenka.csv,
oc_GR319_5,Исходная колонка ocenka.csv GR319_5 — в 2021: unmet_reason_5,D002 ocenka.csv,
oc_GR319_6,Исходная колонка ocenka.csv GR319_6 — в 2021: unmet_reason_6,D002 ocenka.csv,
oc_GR319_7,Исходная колонка ocenka.csv GR319_7 — в 2021: unmet_reason_7,D002 ocenka.csv,
oc_GR319_8,Исходная колонка ocenka.csv GR319_8 — в 2021: unmet_reason_8,D002 ocenka.csv,
oc_GR319_9,Исходная колонка ocenka.csv GR319_9 — в 2021: unmet_reason_9,D002 ocenka.csv,
oc_GR319_10,Исходная колонка ocenka.csv GR319_10 — в 2021: unmet_reason_10,D002 ocenka.csv,
oc_GR31_4,Исходная колонка ocenka.csv GR31_4 — негармонизированная колонка — смысл по бланку анкеты года,D002 ocenka.csv,
oc_GR316_1,Исходная колонка ocenka.csv GR316_1 — негармонизированная колонка — смысл по бланку анкеты года,D002 ocenka.csv,
oc_GR316_2,Исходная колонка ocenka.csv GR316_2 — негармонизированная колонка — смысл по бланку анкеты года,D002 ocenka.csv,
oc_GR316_3,Исходная колонка ocenka.csv GR316_3 — негармонизированная колонка — смысл по бланку анкеты года,D002 ocenka.csv,
oc_GR316_4,Исходная колонка ocenka.csv GR316_4 — негармонизированная колонка — смысл по бланку анкеты года,D002 ocenka.csv,
oc_GR316_5,Исходная колонка ocenka.csv GR316_5 — негармонизированная колонка — смысл по бланку анкеты года,D002 ocenka.csv,
oc_GR316_6,Исходная колонка ocenka.csv GR316_6 — негармонизированная колонка — смысл по бланку анкеты года,D002 ocenka.csv,
oc_GR318_1,Исходная колонка ocenka.csv GR318_1 — негармонизированная колонка — смысл по бланку анкеты года,D002 ocenka.csv,
oc_GR318_2,Исходная колонка ocenka.csv GR318_2 — негармонизированная колонка — смысл по бланку анкеты года,D002 ocenka.csv,
oc_GR318_3,Исходная колонка ocenka.csv GR318_3 — негармонизированная колонка — смысл по бланку анкеты года,D002 ocenka.csv,
oc_GR318_4,Исходная колонка ocenka.csv GR318_4 — негармонизированная колонка — смысл по бланку анкеты года,D002 ocenka.csv,
oc_GR318_5,Исходная колонка ocenka.csv GR318_5 — негармонизированная колонка — смысл по бланку анкеты года,D002 ocenka.csv,
oc_GR318_6,Исходная колонка ocenka.csv GR318_6 — негармонизированная колонка — смысл по бланку анкеты года,D002 ocenka.csv,
oc_GR318_7,Исходная колонка ocenka.csv GR318_7 — негармонизированная колонка — смысл по бланку анкеты года,D002 ocenka.csv,
oc_GR318_8,Исходная колонка ocenka.csv GR318_8 — негармонизированная колонка — смысл по бланку анкеты года,D002 ocenka.csv,
oc_GR318_9,Исходная колонка ocenka.csv GR318_9 — негармонизированная колонка — смысл по бланку анкеты года,D002 ocenka.csv,
oc_GR319,Исходная колонка ocenka.csv GR319 — в 2022: unmet; в 2023: unmet; в 2024: unmet,D002 ocenka.csv,
oc_GR320_1,Исходная колонка ocenka.csv GR320_1 — в 2022: unmet_reason_1; в 2023: unmet_reason_1; в 2024: unmet_reason_1,D002 ocenka.csv,
oc_GR320_2,Исходная колонка ocenka.csv GR320_2 — в 2022: unmet_reason_2; в 2023: unmet_reason_2; в 2024: unmet_reason_2,D002 ocenka.csv,
oc_GR320_3,Исходная колонка ocenka.csv GR320_3 — в 2022: unmet_reason_3; в 2023: unmet_reason_3; в 2024: unmet_reason_3,D002 ocenka.csv,
oc_GR320_4,Исходная колонка ocenka.csv GR320_4 — в 2022: unmet_reason_4; в 2023: unmet_reason_4; в 2024: unmet_reason_4,D002 ocenka.csv,
oc_GR320_5,Исходная колонка ocenka.csv GR320_5 — в 2022: unmet_reason_5; в 2023: unmet_reason_5; в 2024: unmet_reason_5,D002 ocenka.csv,
oc_GR320_6,Исходная колонка ocenka.csv GR320_6 — в 2022: unmet_reason_6; в 2023: unmet_reason_6; в 2024: unmet_reason_6,D002 ocenka.csv,
oc_GR320_7,Исходная колонка ocenka.csv GR320_7 — в 2022: unmet_reason_7; в 2023: unmet_reason_7; в 2024: unmet_reason_7,D002 ocenka.csv,
oc_GR320_8,Исходная колонка ocenka.csv GR320_8 — в 2022: unmet_reason_8; в 2023: unmet_reason_8; в 2024: unmet_reason_8,D002 ocenka.csv,
oc_GR320_9,Исходная колонка ocenka.csv GR320_9 — в 2022: unmet_reason_9; в 2023: unmet_reason_9; в 2024: unmet_reason_9,D002 ocenka.csv,
oc_GR320_10,Исходная колонка ocenka.csv GR320_10 — в 2022: unmet_reason_10; в 2023: unmet_reason_10; в 2024: unmet_reason_10,D002 ocenka.csv,
oc_GR40,Исходная колонка ocenka.csv GR40 — негармонизированная колонка — смысл по бланку анкеты года,D002 ocenka.csv,
oc_GR41,Исходная колонка ocenka.csv GR41 — негармонизированная колонка — смысл по бланку анкеты года,D002 ocenka.csv,
oc_GR42_1,Исходная колонка ocenka.csv GR42_1 — негармонизированная колонка — смысл по бланку анкеты года,D002 ocenka.csv,
oc_GR42_2,Исходная колонка ocenka.csv GR42_2 — негармонизированная колонка — смысл по бланку анкеты года,D002 ocenka.csv,
oc_GR42_3,Исходная колонка ocenka.csv GR42_3 — негармонизированная колонка — смысл по бланку анкеты года,D002 ocenka.csv,
oc_GR42_4,Исходная колонка ocenka.csv GR42_4 — негармонизированная колонка — смысл по бланку анкеты года,D002 ocenka.csv,
oc_GR42_5,Исходная колонка ocenka.csv GR42_5 — негармонизированная колонка — смысл по бланку анкеты года,D002 ocenka.csv,
oc_GR42_6,Исходная колонка ocenka.csv GR42_6 — негармонизированная колонка — смысл по бланку анкеты года,D002 ocenka.csv,
oc_GR42_7,Исходная колонка ocenka.csv GR42_7 — негармонизированная колонка — смысл по бланку анкеты года,D002 ocenka.csv,
oc_GR43_1,Исходная колонка ocenka.csv GR43_1 — негармонизированная колонка — смысл по бланку анкеты года,D002 ocenka.csv,
oc_GR43_2,Исходная колонка ocenka.csv GR43_2 — негармонизированная колонка — смысл по бланку анкеты года,D002 ocenka.csv,
oc_GR43_3,Исходная колонка ocenka.csv GR43_3 — негармонизированная колонка — смысл по бланку анкеты года,D002 ocenka.csv,
oc_GR43_4,Исходная колонка ocenka.csv GR43_4 — негармонизированная колонка — смысл по бланку анкеты года,D002 ocenka.csv,
oc_GR43_5,Исходная колонка ocenka.csv GR43_5 — негармонизированная колонка — смысл по бланку анкеты года,D002 ocenka.csv,
oc_GR43_6,Исходная колонка ocenka.csv GR43_6 — негармонизированная колонка — смысл по бланку анкеты года,D002 ocenka.csv,
oc_GR43_7,Исходная колонка ocenka.csv GR43_7 — негармонизированная колонка — смысл по бланку анкеты года,D002 ocenka.csv,
oc_GR44_1,Исходная колонка ocenka.csv GR44_1 — негармонизированная колонка — смысл по бланку анкеты года,D002 ocenka.csv,
oc_GR44_2,Исходная колонка ocenka.csv GR44_2 — негармонизированная колонка — смысл по бланку анкеты года,D002 ocenka.csv,
oc_GR44_3,Исходная колонка ocenka.csv GR44_3 — негармонизированная колонка — смысл по бланку анкеты года,D002 ocenka.csv,
oc_GR44_4,Исходная колонка ocenka.csv GR44_4 — негармонизированная колонка — смысл по бланку анкеты года,D002 ocenka.csv,
oc_GR44_5,Исходная колонка ocenka.csv GR44_5 — негармонизированная колонка — смысл по бланку анкеты года,D002 ocenka.csv,
oc_GR44_6,Исходная колонка ocenka.csv GR44_6 — негармонизированная колонка — смысл по бланку анкеты года,D002 ocenka.csv,
oc_GR44_7,Исходная колонка ocenka.csv GR44_7 — негармонизированная колонка — смысл по бланку анкеты года,D002 ocenka.csv,
oc_GR44_8,Исходная колонка ocenka.csv GR44_8 — негармонизированная колонка — смысл по бланку анкеты года,D002 ocenka.csv,
oc_GR44_9,Исходная колонка ocenka.csv GR44_9 — негармонизированная колонка — смысл по бланку анкеты года,D002 ocenka.csv,
oc_GR44_10,Исходная колонка ocenka.csv GR44_10 — негармонизированная колонка — смысл по бланку анкеты года,D002 ocenka.csv,
oc_GR44_11,Исходная колонка ocenka.csv GR44_11 — негармонизированная колонка — смысл по бланку анкеты года,D002 ocenka.csv,
oc_GR44_12,Исходная колонка ocenka.csv GR44_12 — негармонизированная колонка — смысл по бланку анкеты года,D002 ocenka.csv,
oc_GR44_13,Исходная колонка ocenka.csv GR44_13 — негармонизированная колонка — смысл по бланку анкеты года,D002 ocenka.csv,
oc_GR44_14,Исходная колонка ocenka.csv GR44_14 — негармонизированная колонка — смысл по бланку анкеты года,D002 ocenka.csv,
oc_GR45_1,Исходная колонка ocenka.csv GR45_1 — негармонизированная колонка — смысл по бланку анкеты года,D002 ocenka.csv,
oc_GR45_2,Исходная колонка ocenka.csv GR45_2 — негармонизированная колонка — смысл по бланку анкеты года,D002 ocenka.csv,
oc_GR45_3,Исходная колонка ocenka.csv GR45_3 — негармонизированная колонка — смысл по бланку анкеты года,D002 ocenka.csv,
oc_GR45_4,Исходная колонка ocenka.csv GR45_4 — негармонизированная колонка — смысл по бланку анкеты года,D002 ocenka.csv,
oc_GR45_5,Исходная колонка ocenka.csv GR45_5 — негармонизированная колонка — смысл по бланку анкеты года,D002 ocenka.csv,
oc_GR45_6,Исходная колонка ocenka.csv GR45_6 — негармонизированная колонка — смысл по бланку анкеты года,D002 ocenka.csv,
oc_GR45_7,Исходная колонка ocenka.csv GR45_7 — негармонизированная колонка — смысл по бланку анкеты года,D002 ocenka.csv,
oc_GR45_8,Исходная колонка ocenka.csv GR45_8 — негармонизированная колонка — смысл по бланку анкеты года,D002 ocenka.csv,
oc_GR45_9,Исходная колонка ocenka.csv GR45_9 — негармонизированная колонка — смысл по бланку анкеты года,D002 ocenka.csv,
oc_GR45_10,Исходная колонка ocenka.csv GR45_10 — негармонизированная колонка — смысл по бланку анкеты года,D002 ocenka.csv,
oc_GR45_11,Исходная колонка ocenka.csv GR45_11 — негармонизированная колонка — смысл по бланку анкеты года,D002 ocenka.csv,
oc_GR45_12,Исходная колонка ocenka.csv GR45_12 — негармонизированная колонка — смысл по бланку анкеты года,D002 ocenka.csv,
oc_GR45_13,Исходная колонка ocenka.csv GR45_13 — негармонизированная колонка — смысл по бланку анкеты года,D002 ocenka.csv,
oc_GR45_14,Исходная колонка ocenka.csv GR45_14 — негармонизированная колонка — смысл по бланку анкеты года,D002 ocenka.csv,
oc_GR46,Исходная колонка ocenka.csv GR46 — негармонизированная колонка — смысл по бланку анкеты года,D002 ocenka.csv,
oc_KVINT,Исходная колонка ocenka.csv KVINT — негармонизированная колонка — смысл по бланку анкеты года,D002 ocenka.csv,
